admin2,indicator,choice,value,context,phase,Indicateur,label_choice,data_source_name,data_source_url,score,ch_label,label_choiceLabel
namentenga,critical_handwashing_times,nsp,0,bfa_2020,NA,% de ménages par nombre de moments clés pour le lavage des mains que les personnes interrogées peuvent nommer,% de ménages par nombre de moments clés pour le lavage des mains que les personnes interrogées peuvent nommer_nsp,msna_2020,https://docs.google.com/spreadsheets/d/1nQS1xwC5Fligkydi04Oz2aX4xUeYuxEUQHFU4VEAj_M/edit?usp=sharing,NA,Je ne sais pas / préfère ne pas répondre,% de ménages par nombre de moments clés pour le lavage des mains que les personnes interrogées peuvent nommerJe ne sais pas / préfère ne pas répondre
namentenga,critical_handwashing_times,autre,0,bfa_2020,NA,% de ménages par nombre de moments clés pour le lavage des mains que les personnes interrogées peuvent nommer,% de ménages par nombre de moments clés pour le lavage des mains que les personnes interrogées peuvent nommer_autre,msna_2020,https://docs.google.com/spreadsheets/d/1nQS1xwC5Fligkydi04Oz2aX4xUeYuxEUQHFU4VEAj_M/edit?usp=sharing,NA,Autres (à préciser),% de ménages par nombre de moments clés pour le lavage des mains que les personnes interrogées peuvent nommerAutres (à préciser)
namentenga,critical_handwashing_times,ablution,0.5246743314909061,bfa_2020,NA,% de ménages par nombre de moments clés pour le lavage des mains que les personnes interrogées peuvent nommer,% de ménages par nombre de moments clés pour le lavage des mains que les personnes interrogées peuvent nommer_ablution,msna_2020,https://docs.google.com/spreadsheets/d/1nQS1xwC5Fligkydi04Oz2aX4xUeYuxEUQHFU4VEAj_M/edit?usp=sharing,NA,Ablution et/ou après manger,% de ménages par nombre de moments clés pour le lavage des mains que les personnes interrogées peuvent nommerAblution et/ou après manger
namentenga,critical_handwashing_times,retour_champ,0.3589935182056764,bfa_2020,NA,% de ménages par nombre de moments clés pour le lavage des mains que les personnes interrogées peuvent nommer,% de ménages par nombre de moments clés pour le lavage des mains que les personnes interrogées peuvent nommer_retour_champ,msna_2020,https://docs.google.com/spreadsheets/d/1nQS1xwC5Fligkydi04Oz2aX4xUeYuxEUQHFU4VEAj_M/edit?usp=sharing,NA,Au retour des champs,% de ménages par nombre de moments clés pour le lavage des mains que les personnes interrogées peuvent nommerAu retour des champs
namentenga,critical_handwashing_times,avant_sein,0.06785342669037277,bfa_2020,NA,% de ménages par nombre de moments clés pour le lavage des mains que les personnes interrogées peuvent nommer,% de ménages par nombre de moments clés pour le lavage des mains que les personnes interrogées peuvent nommer_avant_sein,msna_2020,https://docs.google.com/spreadsheets/d/1nQS1xwC5Fligkydi04Oz2aX4xUeYuxEUQHFU4VEAj_M/edit?usp=sharing,NA,Avant de donner le sein à l’enfant,% de ménages par nombre de moments clés pour le lavage des mains que les personnes interrogées peuvent nommerAvant de donner le sein à l’enfant
namentenga,critical_handwashing_times,apres_netto,0.03282184725641106,bfa_2020,NA,% de ménages par nombre de moments clés pour le lavage des mains que les personnes interrogées peuvent nommer,% de ménages par nombre de moments clés pour le lavage des mains que les personnes interrogées peuvent nommer_apres_netto,msna_2020,https://docs.google.com/spreadsheets/d/1nQS1xwC5Fligkydi04Oz2aX4xUeYuxEUQHFU4VEAj_M/edit?usp=sharing,after_changing,Après le nettoyage ou changement des couches de l’enfant,% de ménages par nombre de moments clés pour le lavage des mains que les personnes interrogées peuvent nommerAprès le nettoyage ou changement des couches de l’enfant
namentenga,critical_handwashing_times,avant_prepare,0.3462657540001616,bfa_2020,NA,% de ménages par nombre de moments clés pour le lavage des mains que les personnes interrogées peuvent nommer,% de ménages par nombre de moments clés pour le lavage des mains que les personnes interrogées peuvent nommer_avant_prepare,msna_2020,https://docs.google.com/spreadsheets/d/1nQS1xwC5Fligkydi04Oz2aX4xUeYuxEUQHFU4VEAj_M/edit?usp=sharing,before_cooking,Avant de préparer les aliments,% de ménages par nombre de moments clés pour le lavage des mains que les personnes interrogées peuvent nommerAvant de préparer les aliments
namentenga,critical_handwashing_times,avant_manger,0.9038326002795011,bfa_2020,NA,% de ménages par nombre de moments clés pour le lavage des mains que les personnes interrogées peuvent nommer,% de ménages par nombre de moments clés pour le lavage des mains que les personnes interrogées peuvent nommer_avant_manger,msna_2020,https://docs.google.com/spreadsheets/d/1nQS1xwC5Fligkydi04Oz2aX4xUeYuxEUQHFU4VEAj_M/edit?usp=sharing,after_eat,Avant de manger,% de ménages par nombre de moments clés pour le lavage des mains que les personnes interrogées peuvent nommerAvant de manger
namentenga,critical_handwashing_times,apres_toilette,0.5875470211642663,bfa_2020,NA,% de ménages par nombre de moments clés pour le lavage des mains que les personnes interrogées peuvent nommer,% de ménages par nombre de moments clés pour le lavage des mains que les personnes interrogées peuvent nommer_apres_toilette,msna_2020,https://docs.google.com/spreadsheets/d/1nQS1xwC5Fligkydi04Oz2aX4xUeYuxEUQHFU4VEAj_M/edit?usp=sharing,after_defec,Après la toilette ou la latrine,% de ménages par nombre de moments clés pour le lavage des mains que les personnes interrogées peuvent nommerAprès la toilette ou la latrine
namentenga,critical_handwashing_times,aucun,0,bfa_2020,NA,% de ménages par nombre de moments clés pour le lavage des mains que les personnes interrogées peuvent nommer,% de ménages par nombre de moments clés pour le lavage des mains que les personnes interrogées peuvent nommer_aucun,msna_2020,https://docs.google.com/spreadsheets/d/1nQS1xwC5Fligkydi04Oz2aX4xUeYuxEUQHFU4VEAj_M/edit?usp=sharing,none,Aucun,% de ménages par nombre de moments clés pour le lavage des mains que les personnes interrogées peuvent nommerAucun
namentenga,gbv_30days,NA,0.010858102635630782,bfa_2020,NA,"% de ménages signalant l'incidence de la violence basée sur le genre (par exemple, violence sexuelle, mariage ou reproduction forcés, etc.) pour les femmes, les filles et les garçons dans leur communauté au cours des 30 derniers jours","% de ménages signalant l'incidence de la violence basée sur le genre (par exemple, violence sexuelle, mariage ou reproduction forcés, etc.) pour les femmes, les filles et les garçons dans leur communauté au cours des 30 derniers jours_NA",msna_2020,https://docs.google.com/spreadsheets/d/1nQS1xwC5Fligkydi04Oz2aX4xUeYuxEUQHFU4VEAj_M/edit?usp=sharing,NA,NA,"% de ménages signalant l'incidence de la violence basée sur le genre (par exemple, violence sexuelle, mariage ou reproduction forcés, etc.) pour les femmes, les filles et les garçons dans leur communauté au cours des 30 derniers joursNA"
namentenga,access_to_soap,non,0.2821372668700962,bfa_2020,NA,% des ménages ayant accès au savon,% des ménages ayant accès au savon_non,msna_2020,https://docs.google.com/spreadsheets/d/1nQS1xwC5Fligkydi04Oz2aX4xUeYuxEUQHFU4VEAj_M/edit?usp=sharing,no_soap,Non,% des ménages ayant accès au savonNon
namentenga,access_to_soap,nsp,0.008734895322392593,bfa_2020,NA,% des ménages ayant accès au savon,% des ménages ayant accès au savon_nsp,msna_2020,https://docs.google.com/spreadsheets/d/1nQS1xwC5Fligkydi04Oz2aX4xUeYuxEUQHFU4VEAj_M/edit?usp=sharing,NA,NA,% des ménages ayant accès au savonNA
namentenga,access_to_soap,oui,0.7091278378075112,bfa_2020,NA,% des ménages ayant accès au savon,% des ménages ayant accès au savon_oui,msna_2020,https://docs.google.com/spreadsheets/d/1nQS1xwC5Fligkydi04Oz2aX4xUeYuxEUQHFU4VEAj_M/edit?usp=sharing,soap,Oui,% des ménages ayant accès au savonOui
namentenga,type_handwashing_fac,bouilloire,0.8286146776312906,bfa_2020,NA,% de ménages ayant accès à des installations de lavage des mains en état de marche - par type d'appareil,% de ménages ayant accès à des installations de lavage des mains en état de marche - par type d'appareil_bouilloire,msna_2020,https://docs.google.com/spreadsheets/d/1nQS1xwC5Fligkydi04Oz2aX4xUeYuxEUQHFU4VEAj_M/edit?usp=sharing,NA,Bouilloire / arrosoir pour verser l'eau sur les mains,% de ménages ayant accès à des installations de lavage des mains en état de marche - par type d'appareilBouilloire / arrosoir pour verser l'eau sur les mains
namentenga,type_handwashing_fac,evier,0.001536052848174137,bfa_2020,NA,% de ménages ayant accès à des installations de lavage des mains en état de marche - par type d'appareil,% de ménages ayant accès à des installations de lavage des mains en état de marche - par type d'appareil_evier,msna_2020,https://docs.google.com/spreadsheets/d/1nQS1xwC5Fligkydi04Oz2aX4xUeYuxEUQHFU4VEAj_M/edit?usp=sharing,NA,Evier avec eau courante,% de ménages ayant accès à des installations de lavage des mains en état de marche - par type d'appareilEvier avec eau courante
namentenga,type_handwashing_fac,pas_dispositif,0.16321990439775766,bfa_2020,NA,% de ménages ayant accès à des installations de lavage des mains en état de marche - par type d'appareil,% de ménages ayant accès à des installations de lavage des mains en état de marche - par type d'appareil_pas_dispositif,msna_2020,https://docs.google.com/spreadsheets/d/1nQS1xwC5Fligkydi04Oz2aX4xUeYuxEUQHFU4VEAj_M/edit?usp=sharing,NA,Pas de dispositif particulier (pas de dispositif ou juste un seau ou similaire sans robinet),% de ménages ayant accès à des installations de lavage des mains en état de marche - par type d'appareilPas de dispositif particulier (pas de dispositif ou juste un seau ou similaire sans robinet)
namentenga,type_handwashing_fac,seau_rob,0.0015821012184404112,bfa_2020,NA,% de ménages ayant accès à des installations de lavage des mains en état de marche - par type d'appareil,% de ménages ayant accès à des installations de lavage des mains en état de marche - par type d'appareil_seau_rob,msna_2020,https://docs.google.com/spreadsheets/d/1nQS1xwC5Fligkydi04Oz2aX4xUeYuxEUQHFU4VEAj_M/edit?usp=sharing,NA,Seau avec robinet,% de ménages ayant accès à des installations de lavage des mains en état de marche - par type d'appareilSeau avec robinet
namentenga,type_handwashing_fac,tippy,0.005047263904337208,bfa_2020,NA,% de ménages ayant accès à des installations de lavage des mains en état de marche - par type d'appareil,% de ménages ayant accès à des installations de lavage des mains en état de marche - par type d'appareil_tippy,msna_2020,https://docs.google.com/spreadsheets/d/1nQS1xwC5Fligkydi04Oz2aX4xUeYuxEUQHFU4VEAj_M/edit?usp=sharing,NA,"Tippy tap (dispostif artisanal fabriqué avec du matériel local : poutre, seau et système de levier avec une corde)","% de ménages ayant accès à des installations de lavage des mains en état de marche - par type d'appareilTippy tap (dispostif artisanal fabriqué avec du matériel local : poutre, seau et système de levier avec une corde)"
namentenga,open_defecation,NA,0.37600979992390965,bfa_2020,NA,% de ménages pratiquant la défécation en plein air,% de ménages pratiquant la défécation en plein air_NA,msna_2020,https://docs.google.com/spreadsheets/d/1nQS1xwC5Fligkydi04Oz2aX4xUeYuxEUQHFU4VEAj_M/edit?usp=sharing,NA,NA,% de ménages pratiquant la défécation en plein airNA
namentenga,sanitation_facility_sharing,ind,0.24906322227733738,bfa_2020,NA,% des ménages partageant une installation sanitaire - par nombre de personnes par installation sanitaire,% des ménages partageant une installation sanitaire - par nombre de personnes par installation sanitaire_ind,msna_2020,https://docs.google.com/spreadsheets/d/1nQS1xwC5Fligkydi04Oz2aX4xUeYuxEUQHFU4VEAj_M/edit?usp=sharing,not_shared,Individuelle,% des ménages partageant une installation sanitaire - par nombre de personnes par installation sanitaireIndividuelle
namentenga,sanitation_facility_sharing,lat_com,0.0024616618145394406,bfa_2020,NA,% des ménages partageant une installation sanitaire - par nombre de personnes par installation sanitaire,% des ménages partageant une installation sanitaire - par nombre de personnes par installation sanitaire_lat_com,msna_2020,https://docs.google.com/spreadsheets/d/1nQS1xwC5Fligkydi04Oz2aX4xUeYuxEUQHFU4VEAj_M/edit?usp=sharing,shared_more50,Latrine communautaire partagée par plus de 50 personnes,% des ménages partageant une installation sanitaire - par nombre de personnes par installation sanitaireLatrine communautaire partagée par plus de 50 personnes
namentenga,sanitation_facility_sharing,lat_com_20,0.6464451076517532,bfa_2020,NA,% des ménages partageant une installation sanitaire - par nombre de personnes par installation sanitaire,% des ménages partageant une installation sanitaire - par nombre de personnes par installation sanitaire_lat_com_20,msna_2020,https://docs.google.com/spreadsheets/d/1nQS1xwC5Fligkydi04Oz2aX4xUeYuxEUQHFU4VEAj_M/edit?usp=sharing,shared_less20,Latrine communautaire partagée par moins de 20 personnes,% des ménages partageant une installation sanitaire - par nombre de personnes par installation sanitaireLatrine communautaire partagée par moins de 20 personnes
namentenga,sanitation_facility_sharing,lat_com_50,0.10203000825636997,bfa_2020,NA,% des ménages partageant une installation sanitaire - par nombre de personnes par installation sanitaire,% des ménages partageant une installation sanitaire - par nombre de personnes par installation sanitaire_lat_com_50,msna_2020,https://docs.google.com/spreadsheets/d/1nQS1xwC5Fligkydi04Oz2aX4xUeYuxEUQHFU4VEAj_M/edit?usp=sharing,shared_20to50,Latrine communautaire partagée entre 20 et 50 personnes,% des ménages partageant une installation sanitaire - par nombre de personnes par installation sanitaireLatrine communautaire partagée entre 20 et 50 personnes
namentenga,location_sanitation_facility,dal_eau,0.01295765851880989,bfa_2020,NA,% de ménages selon l'emplacement des toilettes,% de ménages selon l'emplacement des toilettes_dal_eau,msna_2020,https://docs.google.com/spreadsheets/d/1nQS1xwC5Fligkydi04Oz2aX4xUeYuxEUQHFU4VEAj_M/edit?usp=sharing,NA,Défécation à l'air libre dans un cours d’eau,% de ménages selon l'emplacement des toilettesDéfécation à l'air libre dans un cours d’eau
namentenga,location_sanitation_facility,dal_zonep,0.3430813502537368,bfa_2020,NA,% de ménages selon l'emplacement des toilettes,% de ménages selon l'emplacement des toilettes_dal_zonep,msna_2020,https://docs.google.com/spreadsheets/d/1nQS1xwC5Fligkydi04Oz2aX4xUeYuxEUQHFU4VEAj_M/edit?usp=sharing,NA,Défécation à l'air libre sans zone précise,% de ménages selon l'emplacement des toilettesDéfécation à l'air libre sans zone précise
namentenga,location_sanitation_facility,dal_zonep_am,0.019970791151362948,bfa_2020,NA,% de ménages selon l'emplacement des toilettes,% de ménages selon l'emplacement des toilettes_dal_zonep_am,msna_2020,https://docs.google.com/spreadsheets/d/1nQS1xwC5Fligkydi04Oz2aX4xUeYuxEUQHFU4VEAj_M/edit?usp=sharing,NA,Défécation à l'air libre dans une zone précise non aménagée,% de ménages selon l'emplacement des toilettesDéfécation à l'air libre dans une zone précise non aménagée
namentenga,location_sanitation_facility,lat_prive,0.26013857019948616,bfa_2020,NA,% de ménages selon l'emplacement des toilettes,% de ménages selon l'emplacement des toilettes_lat_prive,msna_2020,https://docs.google.com/spreadsheets/d/1nQS1xwC5Fligkydi04Oz2aX4xUeYuxEUQHFU4VEAj_M/edit?usp=sharing,NA,Latrine privée,% de ménages selon l'emplacement des toilettesLatrine privée
namentenga,location_sanitation_facility,lat_privep,0.3284177151665411,bfa_2020,NA,% de ménages selon l'emplacement des toilettes,% de ménages selon l'emplacement des toilettes_lat_privep,msna_2020,https://docs.google.com/spreadsheets/d/1nQS1xwC5Fligkydi04Oz2aX4xUeYuxEUQHFU4VEAj_M/edit?usp=sharing,NA,Latrine privée partagée,% de ménages selon l'emplacement des toilettesLatrine privée partagée
namentenga,location_sanitation_facility,lat_publiq,0.03543391471006306,bfa_2020,NA,% de ménages selon l'emplacement des toilettes,% de ménages selon l'emplacement des toilettes_lat_publiq,msna_2020,https://docs.google.com/spreadsheets/d/1nQS1xwC5Fligkydi04Oz2aX4xUeYuxEUQHFU4VEAj_M/edit?usp=sharing,NA,Latrine publique,% de ménages selon l'emplacement des toilettesLatrine publique
namentenga,type_of_sanitation_facility,dal,0.37600979992390965,bfa_2020,NA,% de ménages par type d'installation sanitaire,% de ménages par type d'installation sanitaire_dal,msna_2020,https://docs.google.com/spreadsheets/d/1nQS1xwC5Fligkydi04Oz2aX4xUeYuxEUQHFU4VEAj_M/edit?usp=sharing,open_defec,Défécation à l'air libre,% de ménages par type d'installation sanitaireDéfécation à l'air libre
namentenga,type_of_sanitation_facility,lat_non,0.20641629285154098,bfa_2020,NA,% de ménages par type d'installation sanitaire,% de ménages par type d'installation sanitaire_lat_non,msna_2020,https://docs.google.com/spreadsheets/d/1nQS1xwC5Fligkydi04Oz2aX4xUeYuxEUQHFU4VEAj_M/edit?usp=sharing,latrine_nonhygienic,"Améliorée, non-hygiénique","% de ménages par type d'installation sanitaireAméliorée, non-hygiénique"
namentenga,type_of_sanitation_facility,lat_oui,0.41757390722454935,bfa_2020,NA,% de ménages par type d'installation sanitaire,% de ménages par type d'installation sanitaire_lat_oui,msna_2020,https://docs.google.com/spreadsheets/d/1nQS1xwC5Fligkydi04Oz2aX4xUeYuxEUQHFU4VEAj_M/edit?usp=sharing,latrine_hygienic,"Améliorée, hygiénique","% de ménages par type d'installation sanitaireAméliorée, hygiénique"
namentenga,prob_access_water,attente_longue,0.8324820484016257,bfa_2020,NA,% de ménages ayant des problèmes liés à l'accès à l'eau - par type de problèmes,% de ménages ayant des problèmes liés à l'accès à l'eau - par type de problèmes_attente_longue,msna_2020,https://docs.google.com/spreadsheets/d/1nQS1xwC5Fligkydi04Oz2aX4xUeYuxEUQHFU4VEAj_M/edit?usp=sharing,NA,L'attente est trop longue / nombre insuffisant de sources d’eau,% de ménages ayant des problèmes liés à l'accès à l'eau - par type de problèmesL'attente est trop longue / nombre insuffisant de sources d’eau
namentenga,prob_access_water,distance_eau,0.016471875867431443,bfa_2020,NA,% de ménages ayant des problèmes liés à l'accès à l'eau - par type de problèmes,% de ménages ayant des problèmes liés à l'accès à l'eau - par type de problèmes_distance_eau,msna_2020,https://docs.google.com/spreadsheets/d/1nQS1xwC5Fligkydi04Oz2aX4xUeYuxEUQHFU4VEAj_M/edit?usp=sharing,NA,La distance au point d'eau est trop grande,% de ménages ayant des problèmes liés à l'accès à l'eau - par type de problèmesLa distance au point d'eau est trop grande
namentenga,prob_access_water,manque_finance,0.004600166105831584,bfa_2020,NA,% de ménages ayant des problèmes liés à l'accès à l'eau - par type de problèmes,% de ménages ayant des problèmes liés à l'accès à l'eau - par type de problèmes_manque_finance,msna_2020,https://docs.google.com/spreadsheets/d/1nQS1xwC5Fligkydi04Oz2aX4xUeYuxEUQHFU4VEAj_M/edit?usp=sharing,NA,Pas de moyens financiers / l’eau est trop cher,% de ménages ayant des problèmes liés à l'accès à l'eau - par type de problèmesPas de moyens financiers / l’eau est trop cher
namentenga,prob_access_water,pas_resc_eau,0.09718736085256795,bfa_2020,NA,% de ménages ayant des problèmes liés à l'accès à l'eau - par type de problèmes,% de ménages ayant des problèmes liés à l'accès à l'eau - par type de problèmes_pas_resc_eau,msna_2020,https://docs.google.com/spreadsheets/d/1nQS1xwC5Fligkydi04Oz2aX4xUeYuxEUQHFU4VEAj_M/edit?usp=sharing,NA,Pas de ressources en eau,% de ménages ayant des problèmes liés à l'accès à l'eau - par type de problèmesPas de ressources en eau
namentenga,prob_access_water,qualite_eau,0.03976329637596024,bfa_2020,NA,% de ménages ayant des problèmes liés à l'accès à l'eau - par type de problèmes,% de ménages ayant des problèmes liés à l'accès à l'eau - par type de problèmes_qualite_eau,msna_2020,https://docs.google.com/spreadsheets/d/1nQS1xwC5Fligkydi04Oz2aX4xUeYuxEUQHFU4VEAj_M/edit?usp=sharing,NA,"La qualité de l’eau n’est pas bonne (l'eau est brunâtre, odorante ou salée)","% de ménages ayant des problèmes liés à l'accès à l'eau - par type de problèmesLa qualité de l’eau n’est pas bonne (l'eau est brunâtre, odorante ou salée)"
namentenga,prob_access_water,srce_ferme,0.009495252396583104,bfa_2020,NA,% de ménages ayant des problèmes liés à l'accès à l'eau - par type de problèmes,% de ménages ayant des problèmes liés à l'accès à l'eau - par type de problèmes_srce_ferme,msna_2020,https://docs.google.com/spreadsheets/d/1nQS1xwC5Fligkydi04Oz2aX4xUeYuxEUQHFU4VEAj_M/edit?usp=sharing,NA,La source d’eau ne fonctionne pas / est fermée,% de ménages ayant des problèmes liés à l'accès à l'eau - par type de problèmesLa source d’eau ne fonctionne pas / est fermée
namentenga,water_source,borne_fontaine,0.0544274632329462,bfa_2020,NA,% de ménages selon la qualité de la source d'eau,% de ménages selon la qualité de la source d'eau_borne_fontaine,msna_2020,https://docs.google.com/spreadsheets/d/1nQS1xwC5Fligkydi04Oz2aX4xUeYuxEUQHFU4VEAj_M/edit?usp=sharing,improved,Borne Fontaine,% de ménages selon la qualité de la source d'eauBorne Fontaine
namentenga,water_source,cours_eau,0.0015821012184404112,bfa_2020,NA,% de ménages selon la qualité de la source d'eau,% de ménages selon la qualité de la source d'eau_cours_eau,msna_2020,https://docs.google.com/spreadsheets/d/1nQS1xwC5Fligkydi04Oz2aX4xUeYuxEUQHFU4VEAj_M/edit?usp=sharing,surface_water,"Cours d'eau (fleuve, rivière, ruisseau, eau de surface, etc.)","% de ménages selon la qualité de la source d'eauCours d'eau (fleuve, rivière, ruisseau, eau de surface, etc.)"
namentenga,water_source,eau _robi_conce,0.002656384058249609,bfa_2020,NA,% de ménages selon la qualité de la source d'eau,% de ménages selon la qualité de la source d'eau_eau _robi_conce,msna_2020,https://docs.google.com/spreadsheets/d/1nQS1xwC5Fligkydi04Oz2aX4xUeYuxEUQHFU4VEAj_M/edit?usp=sharing,improved,Eau du robinet dans concession,% de ménages selon la qualité de la source d'eauEau du robinet dans concession
namentenga,water_source,non_amenage,5.411060947977788e-4,bfa_2020,NA,% de ménages selon la qualité de la source d'eau,% de ménages selon la qualité de la source d'eau_non_amenage,msna_2020,https://docs.google.com/spreadsheets/d/1nQS1xwC5Fligkydi04Oz2aX4xUeYuxEUQHFU4VEAj_M/edit?usp=sharing,unimproved,Source non aménagée,% de ménages selon la qualité de la source d'eauSource non aménagée
namentenga,water_source,pmh,0.8827783752910824,bfa_2020,NA,% de ménages selon la qualité de la source d'eau,% de ménages selon la qualité de la source d'eau_pmh,msna_2020,https://docs.google.com/spreadsheets/d/1nQS1xwC5Fligkydi04Oz2aX4xUeYuxEUQHFU4VEAj_M/edit?usp=sharing,improved,Forage avec une PMH (Pompe à Motricité Humaine),% de ménages selon la qualité de la source d'eauForage avec une PMH (Pompe à Motricité Humaine)
namentenga,water_source,poste_auto,0.03343747690545716,bfa_2020,NA,% de ménages selon la qualité de la source d'eau,% de ménages selon la qualité de la source d'eau_poste_auto,msna_2020,https://docs.google.com/spreadsheets/d/1nQS1xwC5Fligkydi04Oz2aX4xUeYuxEUQHFU4VEAj_M/edit?usp=sharing,improved,Poste d'eau autonome (robinets publics),% de ménages selon la qualité de la source d'eauPoste d'eau autonome (robinets publics)
namentenga,water_source,puit_protege,0.024577093199026463,bfa_2020,NA,% de ménages selon la qualité de la source d'eau,% de ménages selon la qualité de la source d'eau_puit_protege,msna_2020,https://docs.google.com/spreadsheets/d/1nQS1xwC5Fligkydi04Oz2aX4xUeYuxEUQHFU4VEAj_M/edit?usp=sharing,improved,Puits aménagé / protégé,% de ménages selon la qualité de la source d'eauPuits aménagé / protégé
namentenga,sufficiency_of_water,insuffisant,0.25943999874641416,bfa_2020,NA,"% de ménages ayant accès à une quantité suffisante d'eau pour la boisson, la cuisine, l'hygiène corporelle, le nettoyage ou d'autres usages domestiques","% de ménages ayant accès à une quantité suffisante d'eau pour la boisson, la cuisine, l'hygiène corporelle, le nettoyage ou d'autres usages domestiques_insuffisant",msna_2020,https://docs.google.com/spreadsheets/d/1nQS1xwC5Fligkydi04Oz2aX4xUeYuxEUQHFU4VEAj_M/edit?usp=sharing,not_sufficient,Insuffisant,"% de ménages ayant accès à une quantité suffisante d'eau pour la boisson, la cuisine, l'hygiène corporelle, le nettoyage ou d'autres usages domestiquesInsuffisant"
namentenga,sufficiency_of_water,juste_suffisant,0.32253922776753813,bfa_2020,NA,"% de ménages ayant accès à une quantité suffisante d'eau pour la boisson, la cuisine, l'hygiène corporelle, le nettoyage ou d'autres usages domestiques","% de ménages ayant accès à une quantité suffisante d'eau pour la boisson, la cuisine, l'hygiène corporelle, le nettoyage ou d'autres usages domestiques_juste_suffisant",msna_2020,https://docs.google.com/spreadsheets/d/1nQS1xwC5Fligkydi04Oz2aX4xUeYuxEUQHFU4VEAj_M/edit?usp=sharing,just_sufficient,Juste assez suffisant,"% de ménages ayant accès à une quantité suffisante d'eau pour la boisson, la cuisine, l'hygiène corporelle, le nettoyage ou d'autres usages domestiquesJuste assez suffisant"
namentenga,sufficiency_of_water,pas_suffisant,0.020319184822578374,bfa_2020,NA,"% de ménages ayant accès à une quantité suffisante d'eau pour la boisson, la cuisine, l'hygiène corporelle, le nettoyage ou d'autres usages domestiques","% de ménages ayant accès à une quantité suffisante d'eau pour la boisson, la cuisine, l'hygiène corporelle, le nettoyage ou d'autres usages domestiques_pas_suffisant",msna_2020,https://docs.google.com/spreadsheets/d/1nQS1xwC5Fligkydi04Oz2aX4xUeYuxEUQHFU4VEAj_M/edit?usp=sharing,not_sufficient_at_all,Pas suffisant du tout,"% de ménages ayant accès à une quantité suffisante d'eau pour la boisson, la cuisine, l'hygiène corporelle, le nettoyage ou d'autres usages domestiquesPas suffisant du tout"
namentenga,sufficiency_of_water,plus_suffisant,0.1053845338990567,bfa_2020,NA,"% de ménages ayant accès à une quantité suffisante d'eau pour la boisson, la cuisine, l'hygiène corporelle, le nettoyage ou d'autres usages domestiques","% de ménages ayant accès à une quantité suffisante d'eau pour la boisson, la cuisine, l'hygiène corporelle, le nettoyage ou d'autres usages domestiques_plus_suffisant",msna_2020,https://docs.google.com/spreadsheets/d/1nQS1xwC5Fligkydi04Oz2aX4xUeYuxEUQHFU4VEAj_M/edit?usp=sharing,more_sufficient,Plus que suffisant,"% de ménages ayant accès à une quantité suffisante d'eau pour la boisson, la cuisine, l'hygiène corporelle, le nettoyage ou d'autres usages domestiquesPlus que suffisant"
namentenga,sufficiency_of_water,suffisant,0.2923170547644126,bfa_2020,NA,"% de ménages ayant accès à une quantité suffisante d'eau pour la boisson, la cuisine, l'hygiène corporelle, le nettoyage ou d'autres usages domestiques","% de ménages ayant accès à une quantité suffisante d'eau pour la boisson, la cuisine, l'hygiène corporelle, le nettoyage ou d'autres usages domestiques_suffisant",msna_2020,https://docs.google.com/spreadsheets/d/1nQS1xwC5Fligkydi04Oz2aX4xUeYuxEUQHFU4VEAj_M/edit?usp=sharing,sufficient,Suffisant,"% de ménages ayant accès à une quantité suffisante d'eau pour la boisson, la cuisine, l'hygiène corporelle, le nettoyage ou d'autres usages domestiquesSuffisant"
namentenga,time_queing_water_source,eau_concession,0.002656384058249609,bfa_2020,NA,% de ménages par temps (minutes) pris pour aller chercher de l'eau (attente et remplissage),% de ménages par temps (minutes) pris pour aller chercher de l'eau (attente et remplissage)_eau_concession,msna_2020,https://docs.google.com/spreadsheets/d/1nQS1xwC5Fligkydi04Oz2aX4xUeYuxEUQHFU4VEAj_M/edit?usp=sharing,premises,Eau dans la concession,% de ménages par temps (minutes) pris pour aller chercher de l'eau (attente et remplissage)Eau dans la concession
namentenga,time_queing_water_source,entre_16_30mn,0.2840117403760095,bfa_2020,NA,% de ménages par temps (minutes) pris pour aller chercher de l'eau (attente et remplissage),% de ménages par temps (minutes) pris pour aller chercher de l'eau (attente et remplissage)_entre_16_30mn,msna_2020,https://docs.google.com/spreadsheets/d/1nQS1xwC5Fligkydi04Oz2aX4xUeYuxEUQHFU4VEAj_M/edit?usp=sharing,less_30,Entre 16 et 30 minutes,% de ménages par temps (minutes) pris pour aller chercher de l'eau (attente et remplissage)Entre 16 et 30 minutes
namentenga,time_queing_water_source,entre_31_45mn,0.18186691968997543,bfa_2020,NA,% de ménages par temps (minutes) pris pour aller chercher de l'eau (attente et remplissage),% de ménages par temps (minutes) pris pour aller chercher de l'eau (attente et remplissage)_entre_31_45mn,msna_2020,https://docs.google.com/spreadsheets/d/1nQS1xwC5Fligkydi04Oz2aX4xUeYuxEUQHFU4VEAj_M/edit?usp=sharing,more_30,Entre 31 et 45 minutes,% de ménages par temps (minutes) pris pour aller chercher de l'eau (attente et remplissage)Entre 31 et 45 minutes
namentenga,time_queing_water_source,entre_5_15mn,0.268202294441754,bfa_2020,NA,% de ménages par temps (minutes) pris pour aller chercher de l'eau (attente et remplissage),% de ménages par temps (minutes) pris pour aller chercher de l'eau (attente et remplissage)_entre_5_15mn,msna_2020,https://docs.google.com/spreadsheets/d/1nQS1xwC5Fligkydi04Oz2aX4xUeYuxEUQHFU4VEAj_M/edit?usp=sharing,less_30,Entre 5 et 15 minutes,% de ménages par temps (minutes) pris pour aller chercher de l'eau (attente et remplissage)Entre 5 et 15 minutes
namentenga,time_queing_water_source,moins_5mn,0.08824698963384638,bfa_2020,NA,% de ménages par temps (minutes) pris pour aller chercher de l'eau (attente et remplissage),% de ménages par temps (minutes) pris pour aller chercher de l'eau (attente et remplissage)_moins_5mn,msna_2020,https://docs.google.com/spreadsheets/d/1nQS1xwC5Fligkydi04Oz2aX4xUeYuxEUQHFU4VEAj_M/edit?usp=sharing,less_30,Moins de 5 minutes,% de ménages par temps (minutes) pris pour aller chercher de l'eau (attente et remplissage)Moins de 5 minutes
namentenga,time_queing_water_source,plus_46mn,0.17501567180016508,bfa_2020,NA,% de ménages par temps (minutes) pris pour aller chercher de l'eau (attente et remplissage),% de ménages par temps (minutes) pris pour aller chercher de l'eau (attente et remplissage)_plus_46mn,msna_2020,https://docs.google.com/spreadsheets/d/1nQS1xwC5Fligkydi04Oz2aX4xUeYuxEUQHFU4VEAj_M/edit?usp=sharing,more_30,46 minutes ou plus,% de ménages par temps (minutes) pris pour aller chercher de l'eau (attente et remplissage)46 minutes ou plus
namentenga,time_going_water_source,eau_concession,0.002656384058249609,bfa_2020,NA,% de ménages par temps (minutes) pris pour aller chercher de l'eau (aller-retour à pied),% de ménages par temps (minutes) pris pour aller chercher de l'eau (aller-retour à pied)_eau_concession,msna_2020,https://docs.google.com/spreadsheets/d/1nQS1xwC5Fligkydi04Oz2aX4xUeYuxEUQHFU4VEAj_M/edit?usp=sharing,premises,Eau dans la concession,% de ménages par temps (minutes) pris pour aller chercher de l'eau (aller-retour à pied)Eau dans la concession
namentenga,time_going_water_source,entre_16_30mn,0.15217229811550192,bfa_2020,NA,% de ménages par temps (minutes) pris pour aller chercher de l'eau (aller-retour à pied),% de ménages par temps (minutes) pris pour aller chercher de l'eau (aller-retour à pied)_entre_16_30mn,msna_2020,https://docs.google.com/spreadsheets/d/1nQS1xwC5Fligkydi04Oz2aX4xUeYuxEUQHFU4VEAj_M/edit?usp=sharing,less_30,Entre 16 et 30 minutes,% de ménages par temps (minutes) pris pour aller chercher de l'eau (aller-retour à pied)Entre 16 et 30 minutes
namentenga,time_going_water_source,entre_31_45mn,0.04992326718466479,bfa_2020,NA,% de ménages par temps (minutes) pris pour aller chercher de l'eau (aller-retour à pied),% de ménages par temps (minutes) pris pour aller chercher de l'eau (aller-retour à pied)_entre_31_45mn,msna_2020,https://docs.google.com/spreadsheets/d/1nQS1xwC5Fligkydi04Oz2aX4xUeYuxEUQHFU4VEAj_M/edit?usp=sharing,more_30,Entre 31 et 45 minutes,% de ménages par temps (minutes) pris pour aller chercher de l'eau (aller-retour à pied)Entre 31 et 45 minutes
namentenga,time_going_water_source,entre_5_15mn,0.5475948196786472,bfa_2020,NA,% de ménages par temps (minutes) pris pour aller chercher de l'eau (aller-retour à pied),% de ménages par temps (minutes) pris pour aller chercher de l'eau (aller-retour à pied)_entre_5_15mn,msna_2020,https://docs.google.com/spreadsheets/d/1nQS1xwC5Fligkydi04Oz2aX4xUeYuxEUQHFU4VEAj_M/edit?usp=sharing,less_30,Entre 5 et 15 minutes,% de ménages par temps (minutes) pris pour aller chercher de l'eau (aller-retour à pied)Entre 5 et 15 minutes
namentenga,time_going_water_source,moins_5mn,0.17101297874353716,bfa_2020,NA,% de ménages par temps (minutes) pris pour aller chercher de l'eau (aller-retour à pied),% de ménages par temps (minutes) pris pour aller chercher de l'eau (aller-retour à pied)_moins_5mn,msna_2020,https://docs.google.com/spreadsheets/d/1nQS1xwC5Fligkydi04Oz2aX4xUeYuxEUQHFU4VEAj_M/edit?usp=sharing,less_30,Moins de 5 minutes,% de ménages par temps (minutes) pris pour aller chercher de l'eau (aller-retour à pied)Moins de 5 minutes
namentenga,time_going_water_source,plus_46mn,0.07664025221939928,bfa_2020,NA,% de ménages par temps (minutes) pris pour aller chercher de l'eau (aller-retour à pied),% de ménages par temps (minutes) pris pour aller chercher de l'eau (aller-retour à pied)_plus_46mn,msna_2020,https://docs.google.com/spreadsheets/d/1nQS1xwC5Fligkydi04Oz2aX4xUeYuxEUQHFU4VEAj_M/edit?usp=sharing,more_30,46 minutes ou plus,% de ménages par temps (minutes) pris pour aller chercher de l'eau (aller-retour à pied)46 minutes ou plus
namentenga,distance_to_water_source,eau_concession,0.002656384058249609,bfa_2020,NA,"% de ménages par temps (minutes) pris pour aller chercher de l'eau (aller-retour à pied, file d'attente et temps nécessaire pour aller chercher de l'eau)","% de ménages par temps (minutes) pris pour aller chercher de l'eau (aller-retour à pied, file d'attente et temps nécessaire pour aller chercher de l'eau)_eau_concession",msna_2020,https://docs.google.com/spreadsheets/d/1nQS1xwC5Fligkydi04Oz2aX4xUeYuxEUQHFU4VEAj_M/edit?usp=sharing,premises,Eau dans la concession,"% de ménages par temps (minutes) pris pour aller chercher de l'eau (aller-retour à pied, file d'attente et temps nécessaire pour aller chercher de l'eau)Eau dans la concession"
namentenga,distance_to_water_source,entre_16_30mn,0.28319504525369105,bfa_2020,NA,"% de ménages par temps (minutes) pris pour aller chercher de l'eau (aller-retour à pied, file d'attente et temps nécessaire pour aller chercher de l'eau)","% de ménages par temps (minutes) pris pour aller chercher de l'eau (aller-retour à pied, file d'attente et temps nécessaire pour aller chercher de l'eau)_entre_16_30mn",msna_2020,https://docs.google.com/spreadsheets/d/1nQS1xwC5Fligkydi04Oz2aX4xUeYuxEUQHFU4VEAj_M/edit?usp=sharing,less_30,Entre 16 et 30 minutes,"% de ménages par temps (minutes) pris pour aller chercher de l'eau (aller-retour à pied, file d'attente et temps nécessaire pour aller chercher de l'eau)Entre 16 et 30 minutes"
namentenga,distance_to_water_source,entre_31_45mn,0.24979808375745613,bfa_2020,NA,"% de ménages par temps (minutes) pris pour aller chercher de l'eau (aller-retour à pied, file d'attente et temps nécessaire pour aller chercher de l'eau)","% de ménages par temps (minutes) pris pour aller chercher de l'eau (aller-retour à pied, file d'attente et temps nécessaire pour aller chercher de l'eau)_entre_31_45mn",msna_2020,https://docs.google.com/spreadsheets/d/1nQS1xwC5Fligkydi04Oz2aX4xUeYuxEUQHFU4VEAj_M/edit?usp=sharing,more_30,Entre 31 et 45 minutes,"% de ménages par temps (minutes) pris pour aller chercher de l'eau (aller-retour à pied, file d'attente et temps nécessaire pour aller chercher de l'eau)Entre 31 et 45 minutes"
namentenga,distance_to_water_source,entre_5_15mn,0.040833306899759426,bfa_2020,NA,"% de ménages par temps (minutes) pris pour aller chercher de l'eau (aller-retour à pied, file d'attente et temps nécessaire pour aller chercher de l'eau)","% de ménages par temps (minutes) pris pour aller chercher de l'eau (aller-retour à pied, file d'attente et temps nécessaire pour aller chercher de l'eau)_entre_5_15mn",msna_2020,https://docs.google.com/spreadsheets/d/1nQS1xwC5Fligkydi04Oz2aX4xUeYuxEUQHFU4VEAj_M/edit?usp=sharing,less_30,Entre 5 et 15 minutes,"% de ménages par temps (minutes) pris pour aller chercher de l'eau (aller-retour à pied, file d'attente et temps nécessaire pour aller chercher de l'eau)Entre 5 et 15 minutes"
namentenga,distance_to_water_source,plus_46mn,0.4235171800308437,bfa_2020,NA,"% de ménages par temps (minutes) pris pour aller chercher de l'eau (aller-retour à pied, file d'attente et temps nécessaire pour aller chercher de l'eau)","% de ménages par temps (minutes) pris pour aller chercher de l'eau (aller-retour à pied, file d'attente et temps nécessaire pour aller chercher de l'eau)_plus_46mn",msna_2020,https://docs.google.com/spreadsheets/d/1nQS1xwC5Fligkydi04Oz2aX4xUeYuxEUQHFU4VEAj_M/edit?usp=sharing,more_30,46 minutes ou plus,"% de ménages par temps (minutes) pris pour aller chercher de l'eau (aller-retour à pied, file d'attente et temps nécessaire pour aller chercher de l'eau)46 minutes ou plus"
namentenga,pull_factor,acces_abris,0.017212969094617257,bfa_2020,NA,% de ménages par facteurs d'attraction pour l'installation dans cette zone,% de ménages par facteurs d'attraction pour l'installation dans cette zone_acces_abris,msna_2020,https://docs.google.com/spreadsheets/d/1nQS1xwC5Fligkydi04Oz2aX4xUeYuxEUQHFU4VEAj_M/edit?usp=sharing,NA,Possibilité d'accès à des abris,% de ménages par facteurs d'attraction pour l'installation dans cette zonePossibilité d'accès à des abris
namentenga,pull_factor,acces_emploi,0.008606484547308628,bfa_2020,NA,% de ménages par facteurs d'attraction pour l'installation dans cette zone,% de ménages par facteurs d'attraction pour l'installation dans cette zone_acces_emploi,msna_2020,https://docs.google.com/spreadsheets/d/1nQS1xwC5Fligkydi04Oz2aX4xUeYuxEUQHFU4VEAj_M/edit?usp=sharing,NA,Possibilité d'accès à l'emploi / opportunité économique,% de ménages par facteurs d'attraction pour l'installation dans cette zonePossibilité d'accès à l'emploi / opportunité économique
namentenga,pull_factor,meilleure_assis_humanitaire,0.01027245117218127,bfa_2020,NA,% de ménages par facteurs d'attraction pour l'installation dans cette zone,% de ménages par facteurs d'attraction pour l'installation dans cette zone_meilleure_assis_humanitaire,msna_2020,https://docs.google.com/spreadsheets/d/1nQS1xwC5Fligkydi04Oz2aX4xUeYuxEUQHFU4VEAj_M/edit?usp=sharing,NA,Une meilleure aide d'assistance humanitaire,% de ménages par facteurs d'attraction pour l'installation dans cette zoneUne meilleure aide d'assistance humanitaire
namentenga,pull_factor,meilleure_securite,0.7735900874004463,bfa_2020,NA,% de ménages par facteurs d'attraction pour l'installation dans cette zone,% de ménages par facteurs d'attraction pour l'installation dans cette zone_meilleure_securite,msna_2020,https://docs.google.com/spreadsheets/d/1nQS1xwC5Fligkydi04Oz2aX4xUeYuxEUQHFU4VEAj_M/edit?usp=sharing,NA,Une meilleure situation sécuritaire,% de ménages par facteurs d'attraction pour l'installation dans cette zoneUne meilleure situation sécuritaire
namentenga,pull_factor,nsp,0.017212969094617257,bfa_2020,NA,% de ménages par facteurs d'attraction pour l'installation dans cette zone,% de ménages par facteurs d'attraction pour l'installation dans cette zone_nsp,msna_2020,https://docs.google.com/spreadsheets/d/1nQS1xwC5Fligkydi04Oz2aX4xUeYuxEUQHFU4VEAj_M/edit?usp=sharing,NA,Je ne sais pas / préfère ne pas répondre,% de ménages par facteurs d'attraction pour l'installation dans cette zoneJe ne sais pas / préfère ne pas répondre
namentenga,pull_factor,regroupement_familial,0.17310503869082924,bfa_2020,NA,% de ménages par facteurs d'attraction pour l'installation dans cette zone,% de ménages par facteurs d'attraction pour l'installation dans cette zone_regroupement_familial,msna_2020,https://docs.google.com/spreadsheets/d/1nQS1xwC5Fligkydi04Oz2aX4xUeYuxEUQHFU4VEAj_M/edit?usp=sharing,NA,Présence d’autres membres de la famille (regroupement familial),% de ménages par facteurs d'attraction pour l'installation dans cette zonePrésence d’autres membres de la famille (regroupement familial)
namentenga,push_factor,attaque,0.8699273840457138,bfa_2020,NA,% de ménages par facteurs d'incitation au déplacement,% de ménages par facteurs d'incitation au déplacement_attaque,msna_2020,https://docs.google.com/spreadsheets/d/1nQS1xwC5Fligkydi04Oz2aX4xUeYuxEUQHFU4VEAj_M/edit?usp=sharing,NA,Attaques armées (Attaques d'un groupe armé contre une population non armée ),% de ménages par facteurs d'incitation au déplacementAttaques armées (Attaques d'un groupe armé contre une population non armée )
namentenga,push_factor,conflit_arme,0.1111936802347962,bfa_2020,NA,% de ménages par facteurs d'incitation au déplacement,% de ménages par facteurs d'incitation au déplacement_conflit_arme,msna_2020,https://docs.google.com/spreadsheets/d/1nQS1xwC5Fligkydi04Oz2aX4xUeYuxEUQHFU4VEAj_M/edit?usp=sharing,NA,Conflits armés (conflit entre des groupes armés ),% de ménages par facteurs d'incitation au déplacementConflits armés (conflit entre des groupes armés )
namentenga,push_factor,peur,0.018878935719489898,bfa_2020,NA,% de ménages par facteurs d'incitation au déplacement,% de ménages par facteurs d'incitation au déplacement_peur,msna_2020,https://docs.google.com/spreadsheets/d/1nQS1xwC5Fligkydi04Oz2aX4xUeYuxEUQHFU4VEAj_M/edit?usp=sharing,NA,Peur de violences armées / menaces,% de ménages par facteurs d'incitation au déplacementPeur de violences armées / menaces
namentenga,pop_disp_3m,1_an_plus,0.13249180142656886,bfa_2020,1,% de la population qui a été déplacée au cours des 3 derniers mois,% de la population qui a été déplacée au cours des 3 derniers mois_1_an_plus,msna_2020,https://docs.google.com/spreadsheets/d/1nQS1xwC5Fligkydi04Oz2aX4xUeYuxEUQHFU4VEAj_M/edit?usp=sharing,plus_3mois,Plus de 1 an,% de la population qui a été déplacée au cours des 3 derniers moisPlus de 1 an
namentenga,pop_disp_3m,1_an_plus,0.13249180142656886,bfa_2020,3,% de la population qui a été déplacée au cours des 3 derniers mois,% de la population qui a été déplacée au cours des 3 derniers mois_1_an_plus,msna_2020,https://docs.google.com/spreadsheets/d/1nQS1xwC5Fligkydi04Oz2aX4xUeYuxEUQHFU4VEAj_M/edit?usp=sharing,plus_3mois,Plus de 1 an,% de la population qui a été déplacée au cours des 3 derniers moisPlus de 1 an
namentenga,pop_disp_3m,1_an_plus,0.13249180142656886,bfa_2020,5,% de la population qui a été déplacée au cours des 3 derniers mois,% de la population qui a été déplacée au cours des 3 derniers mois_1_an_plus,msna_2020,https://docs.google.com/spreadsheets/d/1nQS1xwC5Fligkydi04Oz2aX4xUeYuxEUQHFU4VEAj_M/edit?usp=sharing,plus_3mois,Plus de 1 an,% de la population qui a été déplacée au cours des 3 derniers moisPlus de 1 an
namentenga,pop_disp_3m,3_5_mois,0.21298424096626536,bfa_2020,1,% de la population qui a été déplacée au cours des 3 derniers mois,% de la population qui a été déplacée au cours des 3 derniers mois_3_5_mois,msna_2020,https://docs.google.com/spreadsheets/d/1nQS1xwC5Fligkydi04Oz2aX4xUeYuxEUQHFU4VEAj_M/edit?usp=sharing,plus_3mois,Entre 3 et 5 mois,% de la population qui a été déplacée au cours des 3 derniers moisEntre 3 et 5 mois
namentenga,pop_disp_3m,3_5_mois,0.21298424096626536,bfa_2020,3,% de la population qui a été déplacée au cours des 3 derniers mois,% de la population qui a été déplacée au cours des 3 derniers mois_3_5_mois,msna_2020,https://docs.google.com/spreadsheets/d/1nQS1xwC5Fligkydi04Oz2aX4xUeYuxEUQHFU4VEAj_M/edit?usp=sharing,plus_3mois,Entre 3 et 5 mois,% de la population qui a été déplacée au cours des 3 derniers moisEntre 3 et 5 mois
namentenga,pop_disp_3m,3_5_mois,0.21298424096626536,bfa_2020,5,% de la population qui a été déplacée au cours des 3 derniers mois,% de la population qui a été déplacée au cours des 3 derniers mois_3_5_mois,msna_2020,https://docs.google.com/spreadsheets/d/1nQS1xwC5Fligkydi04Oz2aX4xUeYuxEUQHFU4VEAj_M/edit?usp=sharing,plus_3mois,Entre 3 et 5 mois,% de la population qui a été déplacée au cours des 3 derniers moisEntre 3 et 5 mois
namentenga,pop_disp_3m,6_1_an,0.6333631524497182,bfa_2020,1,% de la population qui a été déplacée au cours des 3 derniers mois,% de la population qui a été déplacée au cours des 3 derniers mois_6_1_an,msna_2020,https://docs.google.com/spreadsheets/d/1nQS1xwC5Fligkydi04Oz2aX4xUeYuxEUQHFU4VEAj_M/edit?usp=sharing,plus_3mois,Entre 6 mois et 1 ans,% de la population qui a été déplacée au cours des 3 derniers moisEntre 6 mois et 1 ans
namentenga,pop_disp_3m,6_1_an,0.6333631524497182,bfa_2020,3,% de la population qui a été déplacée au cours des 3 derniers mois,% de la population qui a été déplacée au cours des 3 derniers mois_6_1_an,msna_2020,https://docs.google.com/spreadsheets/d/1nQS1xwC5Fligkydi04Oz2aX4xUeYuxEUQHFU4VEAj_M/edit?usp=sharing,plus_3mois,Entre 6 mois et 1 ans,% de la population qui a été déplacée au cours des 3 derniers moisEntre 6 mois et 1 ans
namentenga,pop_disp_3m,6_1_an,0.6333631524497182,bfa_2020,5,% de la population qui a été déplacée au cours des 3 derniers mois,% de la population qui a été déplacée au cours des 3 derniers mois_6_1_an,msna_2020,https://docs.google.com/spreadsheets/d/1nQS1xwC5Fligkydi04Oz2aX4xUeYuxEUQHFU4VEAj_M/edit?usp=sharing,plus_3mois,Entre 6 mois et 1 ans,% de la population qui a été déplacée au cours des 3 derniers moisEntre 6 mois et 1 ans
namentenga,pop_disp_3m,moins_1_ans,0.02116080515744752,bfa_2020,1,% de la population qui a été déplacée au cours des 3 derniers mois,% de la population qui a été déplacée au cours des 3 derniers mois_moins_1_ans,msna_2020,https://docs.google.com/spreadsheets/d/1nQS1xwC5Fligkydi04Oz2aX4xUeYuxEUQHFU4VEAj_M/edit?usp=sharing,moins_3mois,Moins de 1 mois,% de la population qui a été déplacée au cours des 3 derniers moisMoins de 1 mois
namentenga,pop_disp_3m,moins_1_ans,0.02116080515744752,bfa_2020,3,% de la population qui a été déplacée au cours des 3 derniers mois,% de la population qui a été déplacée au cours des 3 derniers mois_moins_1_ans,msna_2020,https://docs.google.com/spreadsheets/d/1nQS1xwC5Fligkydi04Oz2aX4xUeYuxEUQHFU4VEAj_M/edit?usp=sharing,moins_3mois,Moins de 1 mois,% de la population qui a été déplacée au cours des 3 derniers moisMoins de 1 mois
namentenga,pop_disp_3m,moins_1_ans,0.02116080515744752,bfa_2020,5,% de la population qui a été déplacée au cours des 3 derniers mois,% de la population qui a été déplacée au cours des 3 derniers mois_moins_1_ans,msna_2020,https://docs.google.com/spreadsheets/d/1nQS1xwC5Fligkydi04Oz2aX4xUeYuxEUQHFU4VEAj_M/edit?usp=sharing,moins_3mois,Moins de 1 mois,% de la population qui a été déplacée au cours des 3 derniers moisMoins de 1 mois
namentenga,hhs_thresholds,faim_moderee,0.04821434273147555,bfa_2020,NA,"% de ménages par niveau de faim d'après l'échelle de la faim des ménages, par niveau de sévérité","% de ménages par niveau de faim d'après l'échelle de la faim des ménages, par niveau de sévérité_faim_moderee",msna_2020,https://docs.google.com/spreadsheets/d/1nQS1xwC5Fligkydi04Oz2aX4xUeYuxEUQHFU4VEAj_M/edit?usp=sharing,NA,Faim modérée,"% de ménages par niveau de faim d'après l'échelle de la faim des ménages, par niveau de sévéritéFaim modérée"
namentenga,hhs_thresholds,peu_pasFaim,0.9517856572685244,bfa_2020,NA,"% de ménages par niveau de faim d'après l'échelle de la faim des ménages, par niveau de sévérité","% de ménages par niveau de faim d'après l'échelle de la faim des ménages, par niveau de sévérité_peu_pasFaim",msna_2020,https://docs.google.com/spreadsheets/d/1nQS1xwC5Fligkydi04Oz2aX4xUeYuxEUQHFU4VEAj_M/edit?usp=sharing,NA,Peu ou pas de faim,"% de ménages par niveau de faim d'après l'échelle de la faim des ménages, par niveau de sévéritéPeu ou pas de faim"
namentenga,hhs_score,NA,0.22464673298875726,bfa_2020,1,% de ménages par niveau de faim d'après l'échelle de la faim des ménages,% de ménages par niveau de faim d'après l'échelle de la faim des ménages_NA,msna_2020,https://docs.google.com/spreadsheets/d/1nQS1xwC5Fligkydi04Oz2aX4xUeYuxEUQHFU4VEAj_M/edit?usp=sharing,NA,NA,% de ménages par niveau de faim d'après l'échelle de la faim des ménagesNA
namentenga,rcsi_thresholds,high,0.09042142094555239,bfa_2020,NA,"% de ménages utilisant des stratégies d'adaptation pour la nourriture, par niveau de sévérité","% de ménages utilisant des stratégies d'adaptation pour la nourriture, par niveau de sévérité_high",msna_2020,https://docs.google.com/spreadsheets/d/1nQS1xwC5Fligkydi04Oz2aX4xUeYuxEUQHFU4VEAj_M/edit?usp=sharing,NA,Haute,"% de ménages utilisant des stratégies d'adaptation pour la nourriture, par niveau de sévéritéHaute"
namentenga,rcsi_thresholds,low,0.30125244124764433,bfa_2020,NA,"% de ménages utilisant des stratégies d'adaptation pour la nourriture, par niveau de sévérité","% de ménages utilisant des stratégies d'adaptation pour la nourriture, par niveau de sévérité_low",msna_2020,https://docs.google.com/spreadsheets/d/1nQS1xwC5Fligkydi04Oz2aX4xUeYuxEUQHFU4VEAj_M/edit?usp=sharing,NA,Faible,"% de ménages utilisant des stratégies d'adaptation pour la nourriture, par niveau de sévéritéFaible"
namentenga,rcsi_thresholds,medium,0.11700315166530054,bfa_2020,NA,"% de ménages utilisant des stratégies d'adaptation pour la nourriture, par niveau de sévérité","% de ménages utilisant des stratégies d'adaptation pour la nourriture, par niveau de sévérité_medium",msna_2020,https://docs.google.com/spreadsheets/d/1nQS1xwC5Fligkydi04Oz2aX4xUeYuxEUQHFU4VEAj_M/edit?usp=sharing,NA,Moyenne,"% de ménages utilisant des stratégies d'adaptation pour la nourriture, par niveau de sévéritéMoyenne"
namentenga,rcsi_thresholds,no_coping,0.4913229861415027,bfa_2020,NA,"% de ménages utilisant des stratégies d'adaptation pour la nourriture, par niveau de sévérité","% de ménages utilisant des stratégies d'adaptation pour la nourriture, par niveau de sévérité_no_coping",msna_2020,https://docs.google.com/spreadsheets/d/1nQS1xwC5Fligkydi04Oz2aX4xUeYuxEUQHFU4VEAj_M/edit?usp=sharing,NA,Pas/peu de stratégie,"% de ménages utilisant des stratégies d'adaptation pour la nourriture, par niveau de sévéritéPas/peu de stratégie"
namentenga,rcsi_score,NA,4.77826233921682,bfa_2020,2,"% de ménages utilisant des stratégies d'adaptation pour la nourriture, score moyen","% de ménages utilisant des stratégies d'adaptation pour la nourriture, score moyen_NA",msna_2020,https://docs.google.com/spreadsheets/d/1nQS1xwC5Fligkydi04Oz2aX4xUeYuxEUQHFU4VEAj_M/edit?usp=sharing,NA,NA,"% de ménages utilisant des stratégies d'adaptation pour la nourriture, score moyenNA"
namentenga,lcsi_score,crisis,0.2068698948449996,bfa_2020,3,"% de ménages utilisant des stratégies d'adaptation relatives aux moyens d'existances (LCSI), par niveau de sévérité","% de ménages utilisant des stratégies d'adaptation relatives aux moyens d'existances (LCSI), par niveau de sévérité_crisis",msna_2020,https://docs.google.com/spreadsheets/d/1nQS1xwC5Fligkydi04Oz2aX4xUeYuxEUQHFU4VEAj_M/edit?usp=sharing,NA,Crise,"% de ménages utilisant des stratégies d'adaptation relatives aux moyens d'existances (LCSI), par niveau de sévéritéCrise"
namentenga,lcsi_score,emergency,0.026506203036749124,bfa_2020,3,"% de ménages utilisant des stratégies d'adaptation relatives aux moyens d'existances (LCSI), par niveau de sévérité","% de ménages utilisant des stratégies d'adaptation relatives aux moyens d'existances (LCSI), par niveau de sévérité_emergency",msna_2020,https://docs.google.com/spreadsheets/d/1nQS1xwC5Fligkydi04Oz2aX4xUeYuxEUQHFU4VEAj_M/edit?usp=sharing,NA,Urgence,"% de ménages utilisant des stratégies d'adaptation relatives aux moyens d'existances (LCSI), par niveau de sévéritéUrgence"
namentenga,lcsi_score,none,0.4629360456666357,bfa_2020,3,"% de ménages utilisant des stratégies d'adaptation relatives aux moyens d'existances (LCSI), par niveau de sévérité","% de ménages utilisant des stratégies d'adaptation relatives aux moyens d'existances (LCSI), par niveau de sévérité_none",msna_2020,https://docs.google.com/spreadsheets/d/1nQS1xwC5Fligkydi04Oz2aX4xUeYuxEUQHFU4VEAj_M/edit?usp=sharing,NA,Aucun,"% de ménages utilisant des stratégies d'adaptation relatives aux moyens d'existances (LCSI), par niveau de sévéritéAucun"
namentenga,lcsi_score,stress,0.3036878564516155,bfa_2020,3,"% de ménages utilisant des stratégies d'adaptation relatives aux moyens d'existances (LCSI), par niveau de sévérité","% de ménages utilisant des stratégies d'adaptation relatives aux moyens d'existances (LCSI), par niveau de sévérité_stress",msna_2020,https://docs.google.com/spreadsheets/d/1nQS1xwC5Fligkydi04Oz2aX4xUeYuxEUQHFU4VEAj_M/edit?usp=sharing,NA,Stress,"% de ménages utilisant des stratégies d'adaptation relatives aux moyens d'existances (LCSI), par niveau de sévéritéStress"
namentenga,fcs_score,acceptable,0.6405751143323791,bfa_2020,3,% de ménages par type de score de consommation alimentaire,% de ménages par type de score de consommation alimentaire_acceptable,msna_2020,https://docs.google.com/spreadsheets/d/1nQS1xwC5Fligkydi04Oz2aX4xUeYuxEUQHFU4VEAj_M/edit?usp=sharing,acceptable,Acceptable,% de ménages par type de score de consommation alimentaireAcceptable
namentenga,fcs_score,limite,0.3113363449662371,bfa_2020,3,% de ménages par type de score de consommation alimentaire,% de ménages par type de score de consommation alimentaire_limite,msna_2020,https://docs.google.com/spreadsheets/d/1nQS1xwC5Fligkydi04Oz2aX4xUeYuxEUQHFU4VEAj_M/edit?usp=sharing,limite,Limite,% de ménages par type de score de consommation alimentaireLimite
namentenga,fcs_score,pauvre,0.04808854070138385,bfa_2020,3,% de ménages par type de score de consommation alimentaire,% de ménages par type de score de consommation alimentaire_pauvre,msna_2020,https://docs.google.com/spreadsheets/d/1nQS1xwC5Fligkydi04Oz2aX4xUeYuxEUQHFU4VEAj_M/edit?usp=sharing,pauvre,Pauvre,% de ménages par type de score de consommation alimentairePauvre
namentenga,type_livelihoods,agri,0.5619537580785338,bfa_2020,NA,Type de moyens d'existence,Type de moyens d'existence_agri,msna_2020,https://docs.google.com/spreadsheets/d/1nQS1xwC5Fligkydi04Oz2aX4xUeYuxEUQHFU4VEAj_M/edit?usp=sharing,NA,Agriculture ou maraîchage et vente des produits d'agriculture,Type de moyens d'existenceAgriculture ou maraîchage et vente des produits d'agriculture
namentenga,type_livelihoods,argent,0.04044400595080545,bfa_2020,NA,Type de moyens d'existence,Type de moyens d'existence_argent,msna_2020,https://docs.google.com/spreadsheets/d/1nQS1xwC5Fligkydi04Oz2aX4xUeYuxEUQHFU4VEAj_M/edit?usp=sharing,NA,Transferts d'argent/Aides/Dons sociaux (fait par la communauté/famille et/ou des tierces personnes)/Aides/Dons humanitaire (fait par l’Etat ou des organisations)/Mendicité/Emprunts/Dettes,Type de moyens d'existenceTransferts d'argent/Aides/Dons sociaux (fait par la communauté/famille et/ou des tierces personnes)/Aides/Dons humanitaire (fait par l’Etat ou des organisations)/Mendicité/Emprunts/Dettes
namentenga,type_livelihoods,aucun,0.008472297876477039,bfa_2020,NA,Type de moyens d'existence,Type de moyens d'existence_aucun,msna_2020,https://docs.google.com/spreadsheets/d/1nQS1xwC5Fligkydi04Oz2aX4xUeYuxEUQHFU4VEAj_M/edit?usp=sharing,NA,Aucune,Type de moyens d'existenceAucune
namentenga,type_livelihoods,commerce,0.03776764940361436,bfa_2020,NA,Type de moyens d'existence,Type de moyens d'existence_commerce,msna_2020,https://docs.google.com/spreadsheets/d/1nQS1xwC5Fligkydi04Oz2aX4xUeYuxEUQHFU4VEAj_M/edit?usp=sharing,NA,Commerce,Type de moyens d'existenceCommerce
namentenga,type_livelihoods,elevage,0.09958847296342797,bfa_2020,NA,Type de moyens d'existence,Type de moyens d'existence_elevage,msna_2020,https://docs.google.com/spreadsheets/d/1nQS1xwC5Fligkydi04Oz2aX4xUeYuxEUQHFU4VEAj_M/edit?usp=sharing,NA,"Élevage et vente de produits d’élevage et de bétail (lait, œufs, volailles)","Type de moyens d'existenceÉlevage et vente de produits d’élevage et de bétail (lait, œufs, volailles)"
namentenga,type_livelihoods,fonctionnaire,0.057189316349105734,bfa_2020,NA,Type de moyens d'existence,Type de moyens d'existence_fonctionnaire,msna_2020,https://docs.google.com/spreadsheets/d/1nQS1xwC5Fligkydi04Oz2aX4xUeYuxEUQHFU4VEAj_M/edit?usp=sharing,NA,Fonctionnaires et/ou salariés (y compris pension),Type de moyens d'existenceFonctionnaires et/ou salariés (y compris pension)
namentenga,type_livelihoods,journa,0.0013679180796666525,bfa_2020,NA,Type de moyens d'existence,Type de moyens d'existence_journa,msna_2020,https://docs.google.com/spreadsheets/d/1nQS1xwC5Fligkydi04Oz2aX4xUeYuxEUQHFU4VEAj_M/edit?usp=sharing,NA,Travail journalier rémunéré non agricole,Type de moyens d'existenceTravail journalier rémunéré non agricole
namentenga,type_livelihoods,journa_agri,0.004103754238999957,bfa_2020,NA,Type de moyens d'existence,Type de moyens d'existence_journa_agri,msna_2020,https://docs.google.com/spreadsheets/d/1nQS1xwC5Fligkydi04Oz2aX4xUeYuxEUQHFU4VEAj_M/edit?usp=sharing,NA,Travail journalier rémunéré agricole (en nature ou en espèces),Type de moyens d'existenceTravail journalier rémunéré agricole (en nature ou en espèces)
namentenga,type_livelihoods,petit_com,0.09294509302895562,bfa_2020,NA,Type de moyens d'existence,Type de moyens d'existence_petit_com,msna_2020,https://docs.google.com/spreadsheets/d/1nQS1xwC5Fligkydi04Oz2aX4xUeYuxEUQHFU4VEAj_M/edit?usp=sharing,NA,Petit commerce,Type de moyens d'existencePetit commerce
namentenga,type_livelihoods,petit_metier,0.07121991883034437,bfa_2020,NA,Type de moyens d'existence,Type de moyens d'existence_petit_metier,msna_2020,https://docs.google.com/spreadsheets/d/1nQS1xwC5Fligkydi04Oz2aX4xUeYuxEUQHFU4VEAj_M/edit?usp=sharing,NA,"Petits métiers (menuisier, maçons, plombier, tailleur etc.))","Type de moyens d'existencePetits métiers (menuisier, maçons, plombier, tailleur etc.))"
namentenga,type_livelihoods,prod_natu,0.02494781520006903,bfa_2020,NA,Type de moyens d'existence,Type de moyens d'existence_prod_natu,msna_2020,https://docs.google.com/spreadsheets/d/1nQS1xwC5Fligkydi04Oz2aX4xUeYuxEUQHFU4VEAj_M/edit?usp=sharing,NA,Transformation produits naturels/Exploitation/vente de la production minière,Type de moyens d'existenceTransformation produits naturels/Exploitation/vente de la production minière
namentenga,total_income,0_10000,0.19929090591223064,bfa_2020,NA,Revenus moyens,Revenus moyens_0_10000,msna_2020,https://docs.google.com/spreadsheets/d/1nQS1xwC5Fligkydi04Oz2aX4xUeYuxEUQHFU4VEAj_M/edit?usp=sharing,NA,0 à 10'000 CFA,Revenus moyens0 à 10'000 CFA
namentenga,total_income,10000_25000,0.3581648206018261,bfa_2020,NA,Revenus moyens,Revenus moyens_10000_25000,msna_2020,https://docs.google.com/spreadsheets/d/1nQS1xwC5Fligkydi04Oz2aX4xUeYuxEUQHFU4VEAj_M/edit?usp=sharing,NA,10'000 à 25'000 CFA,Revenus moyens10'000 à 25'000 CFA
namentenga,total_income,25000_50000,0.27961584733357625,bfa_2020,NA,Revenus moyens,Revenus moyens_25000_50000,msna_2020,https://docs.google.com/spreadsheets/d/1nQS1xwC5Fligkydi04Oz2aX4xUeYuxEUQHFU4VEAj_M/edit?usp=sharing,NA,25'000 à 50'000 CFA,Revenus moyens25'000 à 50'000 CFA
namentenga,total_income,50000_3e+06,0.1629284261523671,bfa_2020,NA,Revenus moyens,Revenus moyens_50000_3e+06,msna_2020,https://docs.google.com/spreadsheets/d/1nQS1xwC5Fligkydi04Oz2aX4xUeYuxEUQHFU4VEAj_M/edit?usp=sharing,NA,50'000 à 100'000 CFA,Revenus moyens50'000 à 100'000 CFA
namentenga,livelihoods_change_pratique_agri_prob,acces_terre,0.4538020482667551,bfa_2020,NA,"% de ménages n'ayant pu pratiquer l'agriculture de manière optimale par rapport aux années précédentes, par type de problème rencontré","% de ménages n'ayant pu pratiquer l'agriculture de manière optimale par rapport aux années précédentes, par type de problème rencontré_acces_terre",msna_2020,https://docs.google.com/spreadsheets/d/1nQS1xwC5Fligkydi04Oz2aX4xUeYuxEUQHFU4VEAj_M/edit?usp=sharing,acces_terre,Pas d’accès à la terre / Parcelle trop loin / Manque de terre,"% de ménages n'ayant pu pratiquer l'agriculture de manière optimale par rapport aux années précédentes, par type de problème rencontréPas d’accès à la terre / Parcelle trop loin / Manque de terre"
namentenga,livelihoods_change_pratique_agri_prob,acces_terre finance,0.0067959083797804265,bfa_2020,NA,"% de ménages n'ayant pu pratiquer l'agriculture de manière optimale par rapport aux années précédentes, par type de problème rencontré","% de ménages n'ayant pu pratiquer l'agriculture de manière optimale par rapport aux années précédentes, par type de problème rencontré_acces_terre finance",msna_2020,https://docs.google.com/spreadsheets/d/1nQS1xwC5Fligkydi04Oz2aX4xUeYuxEUQHFU4VEAj_M/edit?usp=sharing,NA,NA,"% de ménages n'ayant pu pratiquer l'agriculture de manière optimale par rapport aux années précédentes, par type de problème rencontréNA"
namentenga,livelihoods_change_pratique_agri_prob,acces_terre finance insecurite,0.008354566391301369,bfa_2020,NA,"% de ménages n'ayant pu pratiquer l'agriculture de manière optimale par rapport aux années précédentes, par type de problème rencontré","% de ménages n'ayant pu pratiquer l'agriculture de manière optimale par rapport aux années précédentes, par type de problème rencontré_acces_terre finance insecurite",msna_2020,https://docs.google.com/spreadsheets/d/1nQS1xwC5Fligkydi04Oz2aX4xUeYuxEUQHFU4VEAj_M/edit?usp=sharing,NA,NA,"% de ménages n'ayant pu pratiquer l'agriculture de manière optimale par rapport aux années précédentes, par type de problème rencontréNA"
namentenga,livelihoods_change_pratique_agri_prob,acces_terre insecurite,0.024820532578671943,bfa_2020,NA,"% de ménages n'ayant pu pratiquer l'agriculture de manière optimale par rapport aux années précédentes, par type de problème rencontré","% de ménages n'ayant pu pratiquer l'agriculture de manière optimale par rapport aux années précédentes, par type de problème rencontré_acces_terre insecurite",msna_2020,https://docs.google.com/spreadsheets/d/1nQS1xwC5Fligkydi04Oz2aX4xUeYuxEUQHFU4VEAj_M/edit?usp=sharing,NA,NA,"% de ménages n'ayant pu pratiquer l'agriculture de manière optimale par rapport aux années précédentes, par type de problème rencontréNA"
namentenga,livelihoods_change_pratique_agri_prob,acces_terre insecurite finance,0.024820532578671943,bfa_2020,NA,"% de ménages n'ayant pu pratiquer l'agriculture de manière optimale par rapport aux années précédentes, par type de problème rencontré","% de ménages n'ayant pu pratiquer l'agriculture de manière optimale par rapport aux années précédentes, par type de problème rencontré_acces_terre insecurite finance",msna_2020,https://docs.google.com/spreadsheets/d/1nQS1xwC5Fligkydi04Oz2aX4xUeYuxEUQHFU4VEAj_M/edit?usp=sharing,NA,NA,"% de ménages n'ayant pu pratiquer l'agriculture de manière optimale par rapport aux années précédentes, par type de problème rencontréNA"
namentenga,livelihoods_change_pratique_agri_prob,acces_terre insuff_pluie finance,0.0067959083797804265,bfa_2020,NA,"% de ménages n'ayant pu pratiquer l'agriculture de manière optimale par rapport aux années précédentes, par type de problème rencontré","% de ménages n'ayant pu pratiquer l'agriculture de manière optimale par rapport aux années précédentes, par type de problème rencontré_acces_terre insuff_pluie finance",msna_2020,https://docs.google.com/spreadsheets/d/1nQS1xwC5Fligkydi04Oz2aX4xUeYuxEUQHFU4VEAj_M/edit?usp=sharing,NA,NA,"% de ménages n'ayant pu pratiquer l'agriculture de manière optimale par rapport aux années précédentes, par type de problème rencontréNA"
namentenga,livelihoods_change_pratique_agri_prob,acces_terre semence,0.0067959083797804265,bfa_2020,NA,"% de ménages n'ayant pu pratiquer l'agriculture de manière optimale par rapport aux années précédentes, par type de problème rencontré","% de ménages n'ayant pu pratiquer l'agriculture de manière optimale par rapport aux années précédentes, par type de problème rencontré_acces_terre semence",msna_2020,https://docs.google.com/spreadsheets/d/1nQS1xwC5Fligkydi04Oz2aX4xUeYuxEUQHFU4VEAj_M/edit?usp=sharing,NA,NA,"% de ménages n'ayant pu pratiquer l'agriculture de manière optimale par rapport aux années précédentes, par type de problème rencontréNA"
namentenga,livelihoods_change_pratique_agri_prob,acces_terre semence finance,0.0067959083797804265,bfa_2020,NA,"% de ménages n'ayant pu pratiquer l'agriculture de manière optimale par rapport aux années précédentes, par type de problème rencontré","% de ménages n'ayant pu pratiquer l'agriculture de manière optimale par rapport aux années précédentes, par type de problème rencontré_acces_terre semence finance",msna_2020,https://docs.google.com/spreadsheets/d/1nQS1xwC5Fligkydi04Oz2aX4xUeYuxEUQHFU4VEAj_M/edit?usp=sharing,NA,NA,"% de ménages n'ayant pu pratiquer l'agriculture de manière optimale par rapport aux années précédentes, par type de problème rencontréNA"
namentenga,livelihoods_change_pratique_agri_prob,acces_terre sol_pauvre,0.014027507669400613,bfa_2020,NA,"% de ménages n'ayant pu pratiquer l'agriculture de manière optimale par rapport aux années précédentes, par type de problème rencontré","% de ménages n'ayant pu pratiquer l'agriculture de manière optimale par rapport aux années précédentes, par type de problème rencontré_acces_terre sol_pauvre",msna_2020,https://docs.google.com/spreadsheets/d/1nQS1xwC5Fligkydi04Oz2aX4xUeYuxEUQHFU4VEAj_M/edit?usp=sharing,NA,NA,"% de ménages n'ayant pu pratiquer l'agriculture de manière optimale par rapport aux années précédentes, par type de problème rencontréNA"
namentenga,livelihoods_change_pratique_agri_prob,cultive,0.03640958173010259,bfa_2020,NA,"% de ménages n'ayant pu pratiquer l'agriculture de manière optimale par rapport aux années précédentes, par type de problème rencontré","% de ménages n'ayant pu pratiquer l'agriculture de manière optimale par rapport aux années précédentes, par type de problème rencontré_cultive",msna_2020,https://docs.google.com/spreadsheets/d/1nQS1xwC5Fligkydi04Oz2aX4xUeYuxEUQHFU4VEAj_M/edit?usp=sharing,cultive,Jamais cultivé / Autres sources de revenu,"% de ménages n'ayant pu pratiquer l'agriculture de manière optimale par rapport aux années précédentes, par type de problème rencontréJamais cultivé / Autres sources de revenu"
namentenga,livelihoods_change_pratique_agri_prob,finance acces_terre,0.0067959083797804265,bfa_2020,NA,"% de ménages n'ayant pu pratiquer l'agriculture de manière optimale par rapport aux années précédentes, par type de problème rencontré","% de ménages n'ayant pu pratiquer l'agriculture de manière optimale par rapport aux années précédentes, par type de problème rencontré_finance acces_terre",msna_2020,https://docs.google.com/spreadsheets/d/1nQS1xwC5Fligkydi04Oz2aX4xUeYuxEUQHFU4VEAj_M/edit?usp=sharing,NA,NA,"% de ménages n'ayant pu pratiquer l'agriculture de manière optimale par rapport aux années précédentes, par type de problème rencontréNA"
namentenga,livelihoods_change_pratique_agri_prob,insecurite,0.016222799592138407,bfa_2020,NA,"% de ménages n'ayant pu pratiquer l'agriculture de manière optimale par rapport aux années précédentes, par type de problème rencontré","% de ménages n'ayant pu pratiquer l'agriculture de manière optimale par rapport aux années précédentes, par type de problème rencontré_insecurite",msna_2020,https://docs.google.com/spreadsheets/d/1nQS1xwC5Fligkydi04Oz2aX4xUeYuxEUQHFU4VEAj_M/edit?usp=sharing,insecurite,Insécurité lors de la culture ou la récolte,"% de ménages n'ayant pu pratiquer l'agriculture de manière optimale par rapport aux années précédentes, par type de problème rencontréInsécurité lors de la culture ou la récolte"
namentenga,livelihoods_change_pratique_agri_prob,insuff_pluie,0.018298406814023536,bfa_2020,NA,"% de ménages n'ayant pu pratiquer l'agriculture de manière optimale par rapport aux années précédentes, par type de problème rencontré","% de ménages n'ayant pu pratiquer l'agriculture de manière optimale par rapport aux années précédentes, par type de problème rencontré_insuff_pluie",msna_2020,https://docs.google.com/spreadsheets/d/1nQS1xwC5Fligkydi04Oz2aX4xUeYuxEUQHFU4VEAj_M/edit?usp=sharing,insuff_pluie,Manque / Insuffisance de pluie,"% de ménages n'ayant pu pratiquer l'agriculture de manière optimale par rapport aux années précédentes, par type de problème rencontréManque / Insuffisance de pluie"
namentenga,livelihoods_change_pratique_agri_prob,insuff_pluie acces_terre,0.0067959083797804265,bfa_2020,NA,"% de ménages n'ayant pu pratiquer l'agriculture de manière optimale par rapport aux années précédentes, par type de problème rencontré","% de ménages n'ayant pu pratiquer l'agriculture de manière optimale par rapport aux années précédentes, par type de problème rencontré_insuff_pluie acces_terre",msna_2020,https://docs.google.com/spreadsheets/d/1nQS1xwC5Fligkydi04Oz2aX4xUeYuxEUQHFU4VEAj_M/edit?usp=sharing,NA,NA,"% de ménages n'ayant pu pratiquer l'agriculture de manière optimale par rapport aux années précédentes, par type de problème rencontréNA"
namentenga,livelihoods_change_pratique_agri_prob,insuff_pluie finance,0.2309549962185102,bfa_2020,NA,"% de ménages n'ayant pu pratiquer l'agriculture de manière optimale par rapport aux années précédentes, par type de problème rencontré","% de ménages n'ayant pu pratiquer l'agriculture de manière optimale par rapport aux années précédentes, par type de problème rencontré_insuff_pluie finance",msna_2020,https://docs.google.com/spreadsheets/d/1nQS1xwC5Fligkydi04Oz2aX4xUeYuxEUQHFU4VEAj_M/edit?usp=sharing,NA,NA,"% de ménages n'ayant pu pratiquer l'agriculture de manière optimale par rapport aux années précédentes, par type de problème rencontréNA"
namentenga,livelihoods_change_pratique_agri_prob,main_oeuvre,0.05447213596154767,bfa_2020,NA,"% de ménages n'ayant pu pratiquer l'agriculture de manière optimale par rapport aux années précédentes, par type de problème rencontré","% de ménages n'ayant pu pratiquer l'agriculture de manière optimale par rapport aux années précédentes, par type de problème rencontré_main_oeuvre",msna_2020,https://docs.google.com/spreadsheets/d/1nQS1xwC5Fligkydi04Oz2aX4xUeYuxEUQHFU4VEAj_M/edit?usp=sharing,main_oeuvre,Manque / Insuffisance de main d’œuvre,"% de ménages n'ayant pu pratiquer l'agriculture de manière optimale par rapport aux années précédentes, par type de problème rencontréManque / Insuffisance de main d’œuvre"
namentenga,livelihoods_change_pratique_agri_prob,nsp,0.04044462829214706,bfa_2020,NA,"% de ménages n'ayant pu pratiquer l'agriculture de manière optimale par rapport aux années précédentes, par type de problème rencontré","% de ménages n'ayant pu pratiquer l'agriculture de manière optimale par rapport aux années précédentes, par type de problème rencontré_nsp",msna_2020,https://docs.google.com/spreadsheets/d/1nQS1xwC5Fligkydi04Oz2aX4xUeYuxEUQHFU4VEAj_M/edit?usp=sharing,nsp,Je ne sais pas / préfère ne pas répondre,"% de ménages n'ayant pu pratiquer l'agriculture de manière optimale par rapport aux années précédentes, par type de problème rencontréJe ne sais pas / préfère ne pas répondre"
namentenga,livelihoods_change_pratique_agri_prob,sol_pauvre insuff_pluie semence,0.018298406814023536,bfa_2020,NA,"% de ménages n'ayant pu pratiquer l'agriculture de manière optimale par rapport aux années précédentes, par type de problème rencontré","% de ménages n'ayant pu pratiquer l'agriculture de manière optimale par rapport aux années précédentes, par type de problème rencontré_sol_pauvre insuff_pluie semence",msna_2020,https://docs.google.com/spreadsheets/d/1nQS1xwC5Fligkydi04Oz2aX4xUeYuxEUQHFU4VEAj_M/edit?usp=sharing,NA,NA,"% de ménages n'ayant pu pratiquer l'agriculture de manière optimale par rapport aux années précédentes, par type de problème rencontréNA"
namentenga,livelihoods_change_pratique_agri_prob,sol_pauvre semence insuff_pluie,0.018298406814023536,bfa_2020,NA,"% de ménages n'ayant pu pratiquer l'agriculture de manière optimale par rapport aux années précédentes, par type de problème rencontré","% de ménages n'ayant pu pratiquer l'agriculture de manière optimale par rapport aux années précédentes, par type de problème rencontré_sol_pauvre semence insuff_pluie",msna_2020,https://docs.google.com/spreadsheets/d/1nQS1xwC5Fligkydi04Oz2aX4xUeYuxEUQHFU4VEAj_M/edit?usp=sharing,NA,NA,"% de ménages n'ayant pu pratiquer l'agriculture de manière optimale par rapport aux années précédentes, par type de problème rencontréNA"
namentenga,livelihoods_change_pratique_agri,non,0.2012855387716174,bfa_2020,NA,% de ménages ayant pu pratiquer l'agriculture de manière optimale par rapport aux années précédentes,% de ménages ayant pu pratiquer l'agriculture de manière optimale par rapport aux années précédentes_non,msna_2020,https://docs.google.com/spreadsheets/d/1nQS1xwC5Fligkydi04Oz2aX4xUeYuxEUQHFU4VEAj_M/edit?usp=sharing,non,Non,% de ménages ayant pu pratiquer l'agriculture de manière optimale par rapport aux années précédentesNon
namentenga,livelihoods_change_pratique_agri,non_applicable,0.02262296678713851,bfa_2020,NA,% de ménages ayant pu pratiquer l'agriculture de manière optimale par rapport aux années précédentes,% de ménages ayant pu pratiquer l'agriculture de manière optimale par rapport aux années précédentes_non_applicable,msna_2020,https://docs.google.com/spreadsheets/d/1nQS1xwC5Fligkydi04Oz2aX4xUeYuxEUQHFU4VEAj_M/edit?usp=sharing,non_applicable,Non pertinent / non applicable (le ménage ne pratique pas l'agriculture),% de ménages ayant pu pratiquer l'agriculture de manière optimale par rapport aux années précédentesNon pertinent / non applicable (le ménage ne pratique pas l'agriculture)
namentenga,livelihoods_change_pratique_agri,oui,0.7760914944412441,bfa_2020,NA,% de ménages ayant pu pratiquer l'agriculture de manière optimale par rapport aux années précédentes,% de ménages ayant pu pratiquer l'agriculture de manière optimale par rapport aux années précédentes_oui,msna_2020,https://docs.google.com/spreadsheets/d/1nQS1xwC5Fligkydi04Oz2aX4xUeYuxEUQHFU4VEAj_M/edit?usp=sharing,oui,Oui,% de ménages ayant pu pratiquer l'agriculture de manière optimale par rapport aux années précédentesOui
namentenga,diarrhea_rate_hh_2w,NA,0.2928308851250261,bfa_2020,NA,% de ménages rapportant au moins un cas de diarrhée dans les deux dernières semaines chez les enfants de moins de 5 ans,% de ménages rapportant au moins un cas de diarrhée dans les deux dernières semaines chez les enfants de moins de 5 ans_NA,msna_2020,https://docs.google.com/spreadsheets/d/1nQS1xwC5Fligkydi04Oz2aX4xUeYuxEUQHFU4VEAj_M/edit?usp=sharing,NA,NA,% de ménages rapportant au moins un cas de diarrhée dans les deux dernières semaines chez les enfants de moins de 5 ansNA
namentenga,gam_WfH_zscore,NA,8.3,bfa_2020,2,Malnutrition Aiguë Globale (MAG) z-score poids-taille,Malnutrition Aiguë Globale (MAG) z-score poids-taille_NA,smart_2019_admin2,https://docs.google.com/spreadsheets/d/16noQMFiEifau26t7nV9q7NYQz79Xe5kZqiyedIQQCw0/edit?usp=sharing,NA,NA,Malnutrition Aiguë Globale (MAG) z-score poids-tailleNA
namentenga,gam_muac,NA,2.1,bfa_2020,2-3,Malnutrition Aiguë Globale (MAG) MUAC,Malnutrition Aiguë Globale (MAG) MUAC_NA,smart_2019_admin1,https://docs.google.com/spreadsheets/d/16noQMFiEifau26t7nV9q7NYQz79Xe5kZqiyedIQQCw0/edit?usp=sharing,NA,NA,Malnutrition Aiguë Globale (MAG) MUACNA
namentenga,key_score,2-/-1,0.05636065843884018,bfa_2020,NA,NA,key_score_2-/-1,NA,NA,NA,NA,key_score_2-/-1
namentenga,key_score,2-/-2,0.05735579823261289,bfa_2020,NA,NA,key_score_2-/-2,NA,NA,NA,NA,key_score_2-/-2
namentenga,key_score,2-/-3,0.04177149874924005,bfa_2020,NA,NA,key_score_2-/-3,NA,NA,NA,NA,key_score_2-/-3
namentenga,key_score,2-/-4,0.058491449097000284,bfa_2020,NA,NA,key_score_2-/-4,NA,NA,NA,NA,key_score_2-/-4
namentenga,key_score,3-/-1,0.060415576041242106,bfa_2020,NA,NA,key_score_3-/-1,NA,NA,NA,NA,key_score_3-/-1
namentenga,key_score,3-/-2,0.17284141700279043,bfa_2020,NA,NA,key_score_3-/-2,NA,NA,NA,NA,key_score_3-/-2
namentenga,key_score,3-/-3,0.06660247377470349,bfa_2020,NA,NA,key_score_3-/-3,NA,NA,NA,NA,key_score_3-/-3
namentenga,key_score,3-/-4,0.20713467844121253,bfa_2020,NA,NA,key_score_3-/-4,NA,NA,NA,NA,key_score_3-/-4
namentenga,key_score,4-/-1,0.01706718866117564,bfa_2020,NA,NA,key_score_4-/-1,NA,NA,NA,NA,key_score_4-/-1
namentenga,key_score,4-/-2,0.06770071811745518,bfa_2020,NA,NA,key_score_4-/-2,NA,NA,NA,NA,key_score_4-/-2
namentenga,key_score,4-/-3,0.05677146906320661,bfa_2020,NA,NA,key_score_4-/-3,NA,NA,NA,NA,key_score_4-/-3
namentenga,key_score,4-/-4,0.11698883962304181,bfa_2020,NA,NA,key_score_4-/-4,NA,NA,NA,NA,key_score_4-/-4
namentenga,key_score,5-/-3,0.015452949182034765,bfa_2020,NA,NA,key_score_5-/-3,NA,NA,NA,NA,key_score_5-/-3
namentenga,key_score,5-/-4,0.005045285575444014,bfa_2020,NA,NA,key_score_5-/-4,NA,NA,NA,NA,key_score_5-/-4
namentenga,score_final,2,0.1911992213738708,bfa_2020,NA,NA,score_final_2,NA,NA,NA,NA,score_final_2
namentenga,score_final,3,0.40740755674118945,bfa_2020,NA,NA,score_final_3,NA,NA,NA,NA,score_final_3
namentenga,score_final,4,0.38089498712746095,bfa_2020,NA,NA,score_final_4,NA,NA,NA,NA,score_final_4
namentenga,score_final,5,0.020498234757478778,bfa_2020,NA,NA,score_final_5,NA,NA,NA,NA,score_final_5
namentenga,key_sanit,latrine_hygienic-/-not_shared-/-no_soap,0.015382055706598608,bfa_2020,NA,NA,key_sanit_latrine_hygienic-/-not_shared-/-no_soap,NA,NA,NA,NA,key_sanit_latrine_hygienic-/-not_shared-/-no_soap
namentenga,key_sanit,latrine_hygienic-/-not_shared-/-soap,0.13267431485052833,bfa_2020,NA,NA,key_sanit_latrine_hygienic-/-not_shared-/-soap,NA,NA,NA,NA,key_sanit_latrine_hygienic-/-not_shared-/-soap
namentenga,key_sanit,latrine_hygienic-/-shared_20to50-/-no_soap,0.0025738774280983914,bfa_2020,NA,NA,key_sanit_latrine_hygienic-/-shared_20to50-/-no_soap,NA,NA,NA,NA,key_sanit_latrine_hygienic-/-shared_20to50-/-no_soap
namentenga,key_sanit,latrine_hygienic-/-shared_20to50-/-soap,0.025678001309343865,bfa_2020,NA,NA,key_sanit_latrine_hygienic-/-shared_20to50-/-soap,NA,NA,NA,NA,key_sanit_latrine_hygienic-/-shared_20to50-/-soap
namentenga,key_sanit,latrine_hygienic-/-shared_less20-/-no_soap,0.0669840019156929,bfa_2020,NA,NA,key_sanit_latrine_hygienic-/-shared_less20-/-no_soap,NA,NA,NA,NA,key_sanit_latrine_hygienic-/-shared_less20-/-no_soap
namentenga,key_sanit,latrine_hygienic-/-shared_less20-/-soap,0.17428165601428722,bfa_2020,NA,NA,key_sanit_latrine_hygienic-/-shared_less20-/-soap,NA,NA,NA,NA,key_sanit_latrine_hygienic-/-shared_less20-/-soap
namentenga,key_sanit,latrine_nonhygienic-/-not_shared-/-no_soap,0.0031181540666145482,bfa_2020,NA,NA,key_sanit_latrine_nonhygienic-/-not_shared-/-no_soap,NA,NA,NA,NA,key_sanit_latrine_nonhygienic-/-not_shared-/-no_soap
namentenga,key_sanit,latrine_nonhygienic-/-not_shared-/-soap,0.00423848527669002,bfa_2020,NA,NA,key_sanit_latrine_nonhygienic-/-not_shared-/-soap,NA,NA,NA,NA,key_sanit_latrine_nonhygienic-/-not_shared-/-soap
namentenga,key_sanit,latrine_nonhygienic-/-shared_20to50-/-no_soap,0.01288924613060172,bfa_2020,NA,NA,key_sanit_latrine_nonhygienic-/-shared_20to50-/-no_soap,NA,NA,NA,NA,key_sanit_latrine_nonhygienic-/-shared_20to50-/-no_soap
namentenga,key_sanit,latrine_nonhygienic-/-shared_20to50-/-soap,0.022524600397613465,bfa_2020,NA,NA,key_sanit_latrine_nonhygienic-/-shared_20to50-/-soap,NA,NA,NA,NA,key_sanit_latrine_nonhygienic-/-shared_20to50-/-soap
namentenga,key_sanit,latrine_nonhygienic-/-shared_less20-/-no_soap,0.06071612504115876,bfa_2020,NA,NA,key_sanit_latrine_nonhygienic-/-shared_less20-/-no_soap,NA,NA,NA,NA,key_sanit_latrine_nonhygienic-/-shared_less20-/-no_soap
namentenga,key_sanit,latrine_nonhygienic-/-shared_less20-/-soap,0.10139362909068834,bfa_2020,NA,NA,key_sanit_latrine_nonhygienic-/-shared_less20-/-soap,NA,NA,NA,NA,key_sanit_latrine_nonhygienic-/-shared_less20-/-soap
namentenga,key_sanit,latrine_nonhygienic-/-shared_more50-/-no_soap,0.001536052848174137,bfa_2020,NA,NA,key_sanit_latrine_nonhygienic-/-shared_more50-/-no_soap,NA,NA,NA,NA,key_sanit_latrine_nonhygienic-/-shared_more50-/-no_soap
namentenga,key_sanit,open_defec-/-NA-/-no_soap,0.11893775373315715,bfa_2020,NA,NA,key_sanit_open_defec-/-NA-/-no_soap,NA,NA,NA,NA,key_sanit_open_defec-/-NA-/-no_soap
namentenga,key_sanit,open_defec-/-NA-/-nsp,0.008734895322392593,bfa_2020,NA,NA,key_sanit_open_defec-/-NA-/-nsp,NA,NA,NA,NA,key_sanit_open_defec-/-NA-/-nsp
namentenga,key_sanit,open_defec-/-NA-/-soap,0.2483371508683599,bfa_2020,NA,NA,key_sanit_open_defec-/-NA-/-soap,NA,NA,NA,NA,key_sanit_open_defec-/-NA-/-soap
namentenga,sanit_score,1,0.1338434231412579,bfa_2020,NA,NA,sanit_score_1,NA,NA,NA,NA,sanit_score_1
namentenga,sanit_score,2,0.29789793335285847,bfa_2020,NA,NA,sanit_score_2,NA,NA,NA,NA,sanit_score_2
namentenga,sanit_score,3,0.1805983907691849,bfa_2020,NA,NA,sanit_score_3,NA,NA,NA,NA,sanit_score_3
namentenga,sanit_score,4,0.38766025273669863,bfa_2020,NA,NA,sanit_score_4,NA,NA,NA,NA,sanit_score_4
namentenga,key_water,just_sufficient-/-improved_less_30,0.09950532145283765,bfa_2020,NA,NA,key_water_just_sufficient-/-improved_less_30,NA,NA,NA,NA,key_water_just_sufficient-/-improved_less_30
namentenga,key_water,just_sufficient-/-improved_more_30,0.22145180509626006,bfa_2020,NA,NA,key_water_just_sufficient-/-improved_more_30,NA,NA,NA,NA,key_water_just_sufficient-/-improved_more_30
namentenga,key_water,just_sufficient-/-surface_water,0.0015821012184404112,bfa_2020,NA,NA,key_water_just_sufficient-/-surface_water,NA,NA,NA,NA,key_water_just_sufficient-/-surface_water
namentenga,key_water,more_sufficient-/-improved_less_30,0.07595481475356629,bfa_2020,NA,NA,key_water_more_sufficient-/-improved_less_30,NA,NA,NA,NA,key_water_more_sufficient-/-improved_less_30
namentenga,key_water,more_sufficient-/-improved_more_30,0.02942971914549042,bfa_2020,NA,NA,key_water_more_sufficient-/-improved_more_30,NA,NA,NA,NA,key_water_more_sufficient-/-improved_more_30
namentenga,key_water,not_sufficient-/-improved_less_30,0.004752101399945993,bfa_2020,NA,NA,key_water_not_sufficient-/-improved_less_30,NA,NA,NA,NA,key_water_not_sufficient-/-improved_less_30
namentenga,key_water,not_sufficient-/-improved_more_30,0.2546878973464682,bfa_2020,NA,NA,key_water_not_sufficient-/-improved_more_30,NA,NA,NA,NA,key_water_not_sufficient-/-improved_more_30
namentenga,key_water,not_sufficient_at_all-/-improved_more_30,0.020319184822578374,bfa_2020,NA,NA,key_water_not_sufficient_at_all-/-improved_more_30,NA,NA,NA,NA,key_water_not_sufficient_at_all-/-improved_more_30
namentenga,key_water,sufficient-/-improved_less_30,0.14223401332866015,bfa_2020,NA,NA,key_water_sufficient-/-improved_less_30,NA,NA,NA,NA,key_water_sufficient-/-improved_less_30
namentenga,key_water,sufficient-/-improved_more_30,0.14688555128270508,bfa_2020,NA,NA,key_water_sufficient-/-improved_more_30,NA,NA,NA,NA,key_water_sufficient-/-improved_more_30
namentenga,key_water,sufficient-/-improved_premises,0.002656384058249609,bfa_2020,NA,NA,key_water_sufficient-/-improved_premises,NA,NA,NA,NA,key_water_sufficient-/-improved_premises
namentenga,key_water,sufficient-/-unimproved,5.411060947977788e-4,bfa_2020,NA,NA,key_water_sufficient-/-unimproved,NA,NA,NA,NA,key_water_sufficient-/-unimproved
namentenga,water_score,2,0.22084521214047603,bfa_2020,NA,NA,water_score_2,NA,NA,NA,NA,water_score_2
namentenga,water_score,3,0.502565604472037,bfa_2020,NA,NA,water_score_3,NA,NA,NA,NA,water_score_3
namentenga,water_score,4,0.25626999856490856,bfa_2020,NA,NA,water_score_4,NA,NA,NA,NA,water_score_4
namentenga,water_score,5,0.020319184822578374,bfa_2020,NA,NA,water_score_5,NA,NA,NA,NA,water_score_5
namentenga,nb_cases_cholera,NA,0,bfa_2020,1,# de cas de cholera depuis le début de l'année,# de cas de cholera depuis le début de l'année_NA,bdd_min_sante,https://docs.google.com/spreadsheets/d/15WAjefEvUyKfDgiwBLKo3M7KZUEobc8qzb31YFoZTfg/edit?usp=sharing,NA,NA,# de cas de cholera depuis le début de l'annéeNA
namentenga,nb_cases_awd,NA,1,bfa_2020,NA,NA,nb_cases_awd_NA,NA,NA,NA,NA,nb_cases_awd_NA
namentenga,nb_cases_meningitis,NA,45,bfa_2020,NA,NA,nb_cases_meningitis_NA,NA,NA,NA,NA,nb_cases_meningitis_NA
namentenga,nb_cases_malaria,NA,2804,bfa_2020,NA,NA,nb_cases_malaria_NA,NA,NA,NA,NA,nb_cases_malaria_NA
namentenga,nb_cases_dengues,NA,0,bfa_2020,NA,NA,nb_cases_dengues_NA,NA,NA,NA,NA,nb_cases_dengues_NA
namentenga,nb_cases_cholera_per100k,NA,0,bfa_2020,NA,# de cas de cholera par 100'000 habitants depuis le début de l'année,# de cas de cholera par 100'000 habitants depuis le début de l'année_NA,bdd_min_sante,https://docs.google.com/spreadsheets/d/15WAjefEvUyKfDgiwBLKo3M7KZUEobc8qzb31YFoZTfg/edit?usp=sharing,NA,NA,# de cas de cholera par 100'000 habitants depuis le début de l'annéeNA
namentenga,nb_cases_awd_per100k,NA,0.18480462455092478,bfa_2020,NA,# cas de diarrhée aqueuse aiguë par 100'000 habitants depuis le début de l'année,# cas de diarrhée aqueuse aiguë par 100'000 habitants depuis le début de l'année_NA,bdd_min_sante,https://docs.google.com/spreadsheets/d/15WAjefEvUyKfDgiwBLKo3M7KZUEobc8qzb31YFoZTfg/edit?usp=sharing,NA,NA,# cas de diarrhée aqueuse aiguë par 100'000 habitants depuis le début de l'annéeNA
namentenga,nb_cases_meningitis_per100k,NA,8.316208104791615,bfa_2020,NA,# de cas de méningite depuis le début de l'année par 100'000 habitants,# de cas de méningite depuis le début de l'année par 100'000 habitants_NA,bdd_min_sante,https://docs.google.com/spreadsheets/d/15WAjefEvUyKfDgiwBLKo3M7KZUEobc8qzb31YFoZTfg/edit?usp=sharing,NA,NA,# de cas de méningite depuis le début de l'année par 100'000 habitantsNA
namentenga,nb_cases_malaria_per100k,NA,518.1921672407931,bfa_2020,NA,# de cas de malaria depuis le début de l'année par 100'000 habitants,# de cas de malaria depuis le début de l'année par 100'000 habitants_NA,bdd_min_sante,https://docs.google.com/spreadsheets/d/15WAjefEvUyKfDgiwBLKo3M7KZUEobc8qzb31YFoZTfg/edit?usp=sharing,NA,NA,# de cas de malaria depuis le début de l'année par 100'000 habitantsNA
namentenga,nb_cases_dengues_per100k,NA,0,bfa_2020,NA,# de cas de dengues depuis le début de l'année par 100'000 habitants,# de cas de dengues depuis le début de l'année par 100'000 habitants_NA,bdd_min_sante,https://docs.google.com/spreadsheets/d/15WAjefEvUyKfDgiwBLKo3M7KZUEobc8qzb31YFoZTfg/edit?usp=sharing,NA,NA,# de cas de dengues depuis le début de l'année par 100'000 habitantsNA
namentenga,water_points_fct,NA,94.93255338833627,bfa_2020,NA,% des points d'eau fonctionnels,% des points d'eau fonctionnels_NA,bdd_ino_2019,https://docs.google.com/spreadsheets/d/1xqNKgdD1ivVA5xOsAr3_wNNYCo1J2cPJXQHcaL4AjuU/edit?usp=sharing,NA,NA,% des points d'eau fonctionnelsNA
namentenga,pop_improved_water_source,NA,0.6628218895045921,bfa_2020,NA,% de la population couverte par des sources d'eau améliorées,% de la population couverte par des sources d'eau améliorées_NA,bdd_ino_2019,https://docs.google.com/spreadsheets/d/1xqNKgdD1ivVA5xOsAr3_wNNYCo1J2cPJXQHcaL4AjuU/edit?usp=sharing,NA,NA,% de la population couverte par des sources d'eau amélioréesNA
namentenga,san_in_school,NA,0.8823529411764706,bfa_2020,NA,% des structures d'éducation ayant accès à des services en assainissement appropriés,% des structures d'éducation ayant accès à des services en assainissement appropriés_NA,extrait_annuaire_primaire,https://docs.google.com/spreadsheets/d/1RqALPJ6kT2p4hkxdTDM1wEGuNOhMeKY4AU3fyS0CTCU/edit?usp=sharing,NA,NA,% des structures d'éducation ayant accès à des services en assainissement appropriésNA
namentenga,water_in_school,NA,0.8204334365325078,bfa_2020,NA,% des structures d'éducation ayant accès à des services en eau appropriés,% des structures d'éducation ayant accès à des services en eau appropriés_NA,extrait_annuaire_primaire,https://docs.google.com/spreadsheets/d/1RqALPJ6kT2p4hkxdTDM1wEGuNOhMeKY4AU3fyS0CTCU/edit?usp=sharing,NA,NA,% des structures d'éducation ayant accès à des services en eau appropriésNA
namentenga,san_in_healthcare,NA,0,bfa_2020,NA,% des structures de santé ayant accès à des services en eau appropriés,% des structures de santé ayant accès à des services en eau appropriés_NA,bdd_crbf_153_centresSante,https://docs.google.com/spreadsheets/d/1ZzSvfXwWXgWvyTx3yrqBrKu5VzPtv3HGgVtT5IS6ZM8/edit?usp=sharing,NA,NA,% des structures de santé ayant accès à des services en eau appropriésNA
namentenga,water_in_healthcare,NA,0,bfa_2020,NA,% des structures de santé ayant accès à des services EHA appropriés,% des structures de santé ayant accès à des services EHA appropriés_NA,bdd_crbf_153_centresSante,https://docs.google.com/spreadsheets/d/1ZzSvfXwWXgWvyTx3yrqBrKu5VzPtv3HGgVtT5IS6ZM8/edit?usp=sharing,NA,NA,% des structures de santé ayant accès à des services EHA appropriésNA
namentenga,wash_in_healthcare,NA,0,bfa_2020,NA,% des structures de santé ayant accès à des services EHA appropriés,% des structures de santé ayant accès à des services EHA appropriés_NA,bdd_crbf_153_centresSante,https://docs.google.com/spreadsheets/d/1ZzSvfXwWXgWvyTx3yrqBrKu5VzPtv3HGgVtT5IS6ZM8/edit?usp=sharing,NA,NA,% des structures de santé ayant accès à des services EHA appropriésNA
namentenga,nb_sec_incidents_30d,NA,1,bfa_2020,NA,# d'incidents de sécurité dans les 30 derniers jours,# d'incidents de sécurité dans les 30 derniers jours_NA,ACLED,https://docs.google.com/spreadsheets/d/15IOzup6g1QfYM8Xv_JEUgU91ghOyVd5u1tWTdU1X4x0/edit?usp=sharing,NA,NA,# d'incidents de sécurité dans les 30 derniers joursNA
