REGION,admin1,PROVINCE,admin2,COMMUNE,admin3,pop_improved_water_source,pop_improved_sanitation,taux_fct
Boucle du Mouhoun,boucle_du_mouhoun,BALE,Bale,BAGASSI,bagassi,0.9261054899756418,2.494,89.22155688622755
BOUCLE DU MOUHOUN,boucle_du_mouhoun,BALE,Bale,BANA,bana,0.8167366526694662,1.417,92.64705882352942
BOUCLE DU MOUHOUN,boucle_du_mouhoun,BALE,Bale,BOROMO,boromo,0.9386085978633134,810,86.02941176470588
BOUCLE DU MOUHOUN,boucle_du_mouhoun,BALE,Bale,FARA,fara,0.7573051948051948,1.283,94.11764705882352
BOUCLE DU MOUHOUN,boucle_du_mouhoun,BALE,Bale,OURi,ouri,0.8974269414367214,1.531,86.29032258064517
BOUCLE DU MOUHOUN,boucle_du_mouhoun,BALE,Bale,PA,pa,0.6637451142958664,1.499,78.2051282051282
BOUCLE DU MOUHOUN,boucle_du_mouhoun,BALE,Bale,POMPOI,pompoi,0.9266068019514955,965,88.52459016393442
BOUCLE DU MOUHOUN,boucle_du_mouhoun,BALE,Bale,POURA,poura,0.49241157986227185,203,97.67441860465115
BOUCLE DU MOUHOUN,boucle_du_mouhoun,BALE,Bale,SIBY,siby,0.7189222290263318,1.13,81.94444444444444
BOUCLE DU MOUHOUN,boucle_du_mouhoun,BALE,Bale,YAHO,yaho,0.7902410289136518,1.394,84.84848484848484
BOUCLE DU MOUHOUN,boucle_du_mouhoun,BANWA,Banwa,BALAVE,balave,0.724479969183359,1.562,94.91525423728814
BOUCLE DU MOUHOUN,boucle_du_mouhoun,BANWA,Banwa,KOUKA,kouka,0.4278117121749928,2.467,83.78378378378379
BOUCLE DU MOUHOUN,boucle_du_mouhoun,BANWA,Banwa,SAMI,sami,0.6818510484454086,480,86.04651162790698
BOUCLE DU MOUHOUN,boucle_du_mouhoun,BANWA,Banwa,SANABA,sanaba,0.7100009034239769,1.336,87.5
BOUCLE DU MOUHOUN,boucle_du_mouhoun,BANWA,Banwa,SOLENZO,solenzo,0.4386744436601404,481,93.78531073446328
BOUCLE DU MOUHOUN,boucle_du_mouhoun,BANWA,Banwa,TANSILA,tansila,0.7064679265371306,225,89.56521739130436
BOUCLE DU MOUHOUN,boucle_du_mouhoun,KOSSI,Kossi,BARANI,barani,0.5795746785361029,788,76.61290322580645
BOUCLE DU MOUHOUN,boucle_du_mouhoun,KOSSI,Kossi,BOMBOROKUY,bomborokuy,0.6707836686262877,392,76.74418604651163
BOUCLE DU MOUHOUN,boucle_du_mouhoun,KOSSI,Kossi,BOURASSO,bourasso,0.72648881703045,688,81.03448275862068
BOUCLE DU MOUHOUN,boucle_du_mouhoun,KOSSI,Kossi,DJIBASSO,djibasso,0.6166235475332367,1.08,84.6938775510204
BOUCLE DU MOUHOUN,boucle_du_mouhoun,KOSSI,Kossi,DOKUY,dokuy,0.5510324318258333,313,77.94117647058823
BOUCLE DU MOUHOUN,boucle_du_mouhoun,KOSSI,Kossi,DOUMBALA,doumbala,0.7260000570239216,832,73.17073170731707
BOUCLE DU MOUHOUN,boucle_du_mouhoun,KOSSI,Kossi,KOMBORI,kombori,0.68820095252727,439,86.8421052631579
BOUCLE DU MOUHOUN,boucle_du_mouhoun,KOSSI,Kossi,MADOUBA,madouba,0.8044698544698544,342,93.54838709677419
BOUCLE DU MOUHOUN,boucle_du_mouhoun,KOSSI,Kossi,NOUNA,nouna,0.682754757543185,427,83.15217391304348
BOUCLE DU MOUHOUN,boucle_du_mouhoun,KOSSI,Kossi,SONO,sono,0.6183686307401971,530,83.78378378378379
BOUCLE DU MOUHOUN,boucle_du_mouhoun,MOUHOUN,Mouhoun,BONDOKUY,bondokuy,0.4996875390576178,1.379,84.17266187050359
BOUCLE DU MOUHOUN,boucle_du_mouhoun,MOUHOUN,Mouhoun,DEDOUGOU,dedougou,0.6753798504921436,763,90
BOUCLE DU MOUHOUN,boucle_du_mouhoun,MOUHOUN,Mouhoun,DOUROULA,douroula,0.7028571428571428,610,90.9090909090909
BOUCLE DU MOUHOUN,boucle_du_mouhoun,MOUHOUN,Mouhoun,KONA,kona,0.8314700616669982,407,91.56626506024097
BOUCLE DU MOUHOUN,boucle_du_mouhoun,MOUHOUN,Mouhoun,OUARKOYE,ouarkoye,0.7011936152653933,853,87.89808917197452
BOUCLE DU MOUHOUN,boucle_du_mouhoun,MOUHOUN,Mouhoun,SAFANE,safane,0.7069996650877949,783,92.04545454545455
BOUCLE DU MOUHOUN,boucle_du_mouhoun,MOUHOUN,Mouhoun,TCHERIBA,tcheriba,0.5869773442539633,572,93.60000000000001
BOUCLE DU MOUHOUN,boucle_du_mouhoun,NAYALA,Nayala,GASSAN,gassan,0.8160390986132512,1.046,72.54901960784314
BOUCLE DU MOUHOUN,boucle_du_mouhoun,NAYALA,Nayala,GOSSINA,gossina,0.626380134523457,117,73.77049180327869
BOUCLE DU MOUHOUN,boucle_du_mouhoun,NAYALA,Nayala,KOUGNY,kougny,0.7448016047751846,413,76.74418604651163
BOUCLE DU MOUHOUN,boucle_du_mouhoun,NAYALA,Nayala,TOMA,toma,0.6955169258920403,219,82.56880733944955
BOUCLE DU MOUHOUN,boucle_du_mouhoun,NAYALA,Nayala,YABA,yaba,0.8943642865951412,441,84.78260869565217
BOUCLE DU MOUHOUN,boucle_du_mouhoun,NAYALA,Nayala,YE,ye,0.7034364788701507,311,88.67924528301887
BOUCLE DU MOUHOUN,boucle_du_mouhoun,SOUROU,Sourou,DI,di,0.5713632055430271,758,71.25
BOUCLE DU MOUHOUN,boucle_du_mouhoun,SOUROU,Sourou,GOMBORO,gomboro,0.7816410895294185,141,83.72093023255815
BOUCLE DU MOUHOUN,boucle_du_mouhoun,SOUROU,Sourou,KASSOUM,kassoum,0.7385396446169927,521,65.4320987654321
BOUCLE DU MOUHOUN,boucle_du_mouhoun,SOUROU,Sourou,KIEMBARA,kiembara,0.7462014181372287,520,65.4320987654321
BOUCLE DU MOUHOUN,boucle_du_mouhoun,SOUROU,Sourou,LANFIERA,lanfiera,0.7265945542707944,514,80
BOUCLE DU MOUHOUN,boucle_du_mouhoun,SOUROU,Sourou,LANKOUE,lankoue,0.6453470067017496,408,64.28571428571429
BOUCLE DU MOUHOUN,boucle_du_mouhoun,SOUROU,Sourou,TOENI,toeni,0.6535561179691132,329,49.42528735632184
BOUCLE DU MOUHOUN,boucle_du_mouhoun,SOUROU,Sourou,TOUGAN,tougan,0.7381621187800963,230,66
CASCADES,cascades,COMOE,Comoe,BANFORA,banfora,0.7760744682582305,1.198,96.72727272727273
CASCADES,cascades,COMOE,Comoe,BEREGADOUGOU,beregadougou,0.7976283048211509,779,96.29629629629629
CASCADES,cascades,COMOE,Comoe,MANGODARA,mangodara,0.47956922814716973,1.204,95.23809523809523
CASCADES,cascades,COMOE,Comoe,MOUSSODOUGOU,moussodougou,0.8111081724411532,761,100
CASCADES,cascades,COMOE,Comoe,NIANGOLOKO,niangoloko,0.5464951430821738,598,95.40229885057471
CASCADES,cascades,COMOE,Comoe,OUO,ouo,0.645229348689436,525,97.31543624161074
CASCADES,cascades,COMOE,Comoe,SIDERADOUGOU,sideradougou,0.5015988900512683,1.44,96.7948717948718
CASCADES,cascades,COMOE,Comoe,SOUBAKANIEDOUGOU,soubakaniedougou,0.6664242757753233,344,100
CASCADES,cascades,COMOE,Comoe,TIEFORA,tiefora,0.5737733586489457,427,98.21428571428571
CASCADES,cascades,LERABA,Leraba,DAKORO,dakoro,0.6121861706564351,248,96.875
CASCADES,cascades,LERABA,Leraba,DOUNA,douna,0.8797194266544678,684,93.61702127659575
CASCADES,cascades,LERABA,Leraba,KANKALABA,kankalaba,0.7506133394191818,640,95
CASCADES,cascades,LERABA,Leraba,LOUMANA,loumana,0.6246030839520275,530,100
CASCADES,cascades,LERABA,Leraba,NIANKORODOUGOU,niankorodougou,0.574610101010101,558,97.17514124293785
CASCADES,cascades,LERABA,Leraba,OUELENI,oueleni,0.6960285832073657,440,97.82608695652173
CASCADES,cascades,LERABA,Leraba,SINDOU,sindou,0.5464285714285714,503,94.6236559139785
CASCADES,cascades,LERABA,Leraba,Wolokonto,wolokonto,0.5888282234355313,250,94.28571428571428
CENTRE,centre,KADIOGO,Kadiogo,KOMKI-IPALA,komki_ipala,0.8882904186372395,1.484,93.47826086956522
CENTRE,centre,KADIOGO,Kadiogo,KOMSILGA,komsilga,0.9930359937402191,1.565,87.8345498783455
CENTRE,centre,KADIOGO,Kadiogo,KOUBRI,koubri,0.7483036428117504,1.153,92.72030651340997
CENTRE,centre,KADIOGO,Kadiogo,OUAGADOUGOU,ouagadougou,1,2.987,81.03207810320781
CENTRE,centre,KADIOGO,Kadiogo,PABRE,pabre,0.9534807115145304,1.269,84.10596026490066
CENTRE,centre,KADIOGO,Kadiogo,SAABA,saaba,0.9387397899649942,898,88.94472361809045
CENTRE,centre,KADIOGO,Kadiogo,TANGHIN-DASSOURI,tanghin_dassouri,0.9348469891411648,2.218,96.48351648351648
CENTRE-EST,centre_est,BOULGOU,Boulgou,BAGRE,bagre,0.8638578543545564,423,90.67357512953367
CENTRE-EST,centre_est,BOULGOU,Boulgou,BANE,bane,0.8844716832721552,528,98.75
CENTRE-EST,centre_est,BOULGOU,Boulgou,BEGUEDO,beguedo,0.9785404243235568,1.012,100
CENTRE-EST,centre_est,BOULGOU,Boulgou,BISSIGA,bissiga,0.8587921847246892,230,99.26470588235294
CENTRE-EST,centre_est,BOULGOU,Boulgou,BITTOU,bittou,0.5550119688809096,464,97.58454106280193
CENTRE-EST,centre_est,BOULGOU,Boulgou,BOUSSOUMA,boussouma,0.9217542840546036,621,100
CENTRE-EST,centre_est,BOULGOU,Boulgou,GARANGO,garango,0.834716723275117,647,98.48484848484848
CENTRE-EST,centre_est,BOULGOU,Boulgou,KOMTOEGA,komtoega,0.9289338193844188,434,94.9579831932773
CENTRE-EST,centre_est,BOULGOU,Boulgou,NIAOGO,niaogo,0.9522971091638687,381,98.0392156862745
CENTRE-EST,centre_est,BOULGOU,Boulgou,TENKODOGO,tenkodogo,0.7975395057800403,634,99.43396226415095
CENTRE-EST,centre_est,BOULGOU,Boulgou,ZABRE,zabre,0.7930639020138538,295,100
CENTRE-EST,centre_est,BOULGOU,Boulgou,ZOAGA,zoaga,0.8804972693302673,141,98.48484848484848
CENTRE-EST,centre_est,BOULGOU,Boulgou,ZONSE,zonse,0.8565133572018727,294,98.07692307692307
CENTRE-EST,centre_est,KOULPELOGO,Koulpelogo,COMIN-YANGA,comin_yanga,0.6616941928609483,646,98.38709677419355
CENTRE-EST,centre_est,KOULPELOGO,Koulpelogo,DOURTENGA,dourtenga,0.8802155629950192,697,97.14285714285714
CENTRE-EST,centre_est,KOULPELOGO,Koulpelogo,LALGAYE,lalgaye,0.8476303195595122,689,97.08029197080292
CENTRE-EST,centre_est,KOULPELOGO,Koulpelogo,OUARGAYE,ouargaye,0.5096821947900002,432,99.54545454545455
CENTRE-EST,centre_est,KOULPELOGO,Koulpelogo,Sangha,sangha,0.627058092575334,1.593,95.33678756476684
CENTRE-EST,centre_est,KOULPELOGO,Koulpelogo,SOUDOUGUI,soudougui,0.5154373059792144,1.285,96.83544303797468
CENTRE-EST,centre_est,KOULPELOGO,Koulpelogo,YARGATENGA,yargatenga,0.5911046438061496,1.339,98.96373056994818
CENTRE-EST,centre_est,KOULPELOGO,Koulpelogo,YONDE,yonde,0.7914177884758253,1.136,97.0414201183432
CENTRE-EST,centre_est,KOURITENGA,Kouritenga,ANDEMTENGA,andemtenga,0.7184530484565897,1.292,98.11320754716981
CENTRE-EST,centre_est,KOURITENGA,Kouritenga,BASKOURE,baskoure,0.9847510442219718,795,95.45454545454545
CENTRE-EST,centre_est,KOURITENGA,Kouritenga,DIALGAYE,dialgaye,0.9158225048964893,892,96.41434262948208
CENTRE-EST,centre_est,KOURITENGA,Kouritenga,GOUNGHIN,gounghin,0.9089671858460608,1.19,87.90035587188612
CENTRE-EST,centre_est,KOURITENGA,Kouritenga,KANDO,kando,0.8351699689466597,1.181,97.61904761904762
CENTRE-EST,centre_est,KOURITENGA,Kouritenga,KOUPELA,koupela,0.8789799032666891,1.569,99.09365558912387
CENTRE-EST,centre_est,KOURITENGA,Kouritenga,POUYTENGA,pouytenga,0.9413763806287171,873,93.22033898305084
CENTRE-EST,centre_est,KOURITENGA,Kouritenga,TENSOBENTENGA,tensobentenga,0.9587180879956545,1.002,98.07692307692307
CENTRE-EST,centre_est,KOURITENGA,Kouritenga,YARGO,yargo,0.9728275207091226,1.17,96.55172413793103
CENTRE-NORD,centre_nord,BAM,Bam,BOURZANGA,bourzanga,0.597503876669226,526,94.71153846153845
CENTRE-NORD,centre_nord,BAM,Bam,GUIBARE,guibare,0.7676694340099119,853,91.61290322580645
CENTRE-NORD,centre_nord,BAM,Bam,KONGOUSSI,kongoussi,0.8833330858220592,1.383,93.82022471910112
CENTRE-NORD,centre_nord,BAM,Bam,NASSERE,nassere,0.8903005662843038,369,87.65432098765432
CENTRE-NORD,centre_nord,BAM,Bam,ROLLO,rollo,0.686762813639288,874,94.11764705882352
CENTRE-NORD,centre_nord,BAM,Bam,ROUKO,rouko,0.8162699706553636,597,78.3132530120482
CENTRE-NORD,centre_nord,BAM,Bam,SABCE,sabce,0.8190088733702791,1.422,92.85714285714286
CENTRE-NORD,centre_nord,BAM,Bam,TIKARE,tikare,0.9129460580912863,1.728,81.2807881773399
CENTRE-NORD,centre_nord,BAM,Bam,ZIMTENGA,zimtenga,0.8024556791587856,923,96.06299212598425
CENTRE-NORD,centre_nord,NAMENTENGA,Namentenga,BOALA,boala,0.7537923678596824,602,99.28057553956835
CENTRE-NORD,centre_nord,NAMENTENGA,Namentenga,BOULSA,boulsa,0.6461403326283185,1.179,92.54498714652956
CENTRE-NORD,centre_nord,NAMENTENGA,Namentenga,BOUROUM,bouroum,0.544943011554718,630,95.85253456221197
CENTRE-NORD,centre_nord,NAMENTENGA,Namentenga,DARGO,dargo,0.7018473540884669,894,83.64779874213836
CENTRE-NORD,centre_nord,NAMENTENGA,Namentenga,NAGBINGOU,nagbingou,0.6477824538685659,339,98.9795918367347
CENTRE-NORD,centre_nord,NAMENTENGA,Namentenga,TOUGOURI,tougouri,0.6706366413243527,1.115,94.1340782122905
CENTRE-NORD,centre_nord,NAMENTENGA,Namentenga,YALGO,yalgo,0.649456905064184,991,98.22485207100591
CENTRE-NORD,centre_nord,NAMENTENGA,Namentenga,ZEGUEDEGUIN,zeguedeguin,0.804272868636333,257,94.65648854961832
CENTRE-NORD,centre_nord,SANMATENGA,Sanmatenga,BARSALOGHO,barsalogho,0.536143389174749,1.475,93.46246973365618
CENTRE-NORD,centre_nord,SANMATENGA,Sanmatenga,BOUSSOUMA,boussouma,0.7509744710974112,967,97.02517162471396
CENTRE-NORD,centre_nord,SANMATENGA,Sanmatenga,DABLO,dablo,0.6887514302059496,81,93.75
CENTRE-NORD,centre_nord,SANMATENGA,Sanmatenga,KAYA,kaya,0.827800337204056,786,95.65217391304348
CENTRE-NORD,centre_nord,SANMATENGA,Sanmatenga,KORSIMORO,korsimoro,0.7356795269967282,1.01,97.47899159663865
CENTRE-NORD,centre_nord,SANMATENGA,Sanmatenga,MANE,mane,0.7670170409300844,317,88.63636363636364
CENTRE-NORD,centre_nord,SANMATENGA,Sanmatenga,NAMISSIGUIMA,namissiguima,0.75791391482578,535,76.92307692307693
CENTRE-NORD,centre_nord,SANMATENGA,Sanmatenga,PENSA,pensa,0.6742238060129434,388,100
CENTRE-NORD,centre_nord,SANMATENGA,Sanmatenga,PIBAORE,pibaore,0.7359173126614987,165,95.86206896551724
CENTRE-NORD,centre_nord,SANMATENGA,Sanmatenga,PISSILA,pissila,0.6809363938809303,804,94.8780487804878
CENTRE-NORD,centre_nord,SANMATENGA,Sanmatenga,ZIGA,ziga,0.780750379898551,317,86.53061224489797
CENTRE-OUEST,centre_ouest,BOULKIEMDE,Boulkiemde,BINGO,bingo,0.9178263426107409,726,87.8048780487805
CENTRE-OUEST,centre_ouest,BOULKIEMDE,Boulkiemde,IMASGO,imasgo,0.829302103250478,1.05,81.81818181818183
CENTRE-OUEST,centre_ouest,BOULKIEMDE,Boulkiemde,KINDI,kindi,0.5520355538655323,304,93.16239316239316
CENTRE-OUEST,centre_ouest,BOULKIEMDE,Boulkiemde,Kokologo,kokologo,0.5972775703678845,501,90.06211180124224
CENTRE-OUEST,centre_ouest,BOULKIEMDE,Boulkiemde,KOUDOUGOU,koudougou,0.7175280794146432,542,92.12827988338192
CENTRE-OUEST,centre_ouest,BOULKIEMDE,Boulkiemde,Niandiala,niandiala,0.5945614098443538,305,97.8021978021978
CENTRE-OUEST,centre_ouest,BOULKIEMDE,Boulkiemde,NANORO,nanoro,0.6490756368489226,372,88.83248730964468
CENTRE-OUEST,centre_ouest,BOULKIEMDE,Boulkiemde,PELLA,pella,0.7942587590210861,160,69.33333333333334
CENTRE-OUEST,centre_ouest,BOULKIEMDE,Boulkiemde,POA,poa,0.8959579109457205,840,92.43243243243244
CENTRE-OUEST,centre_ouest,BOULKIEMDE,Boulkiemde,RAMONGO,ramongo,0.8623188405797102,994,96.47887323943662
CENTRE-OUEST,centre_ouest,BOULKIEMDE,Boulkiemde,SABOU,sabou,0.7700783702406628,828,90
CENTRE-OUEST,centre_ouest,BOULKIEMDE,Boulkiemde,SIGLE,sigle,0.8339211285668483,329,85.44600938967136
CENTRE-OUEST,centre_ouest,BOULKIEMDE,Boulkiemde,SOAW,soaw,0.6610136546965353,364,86.51685393258427
CENTRE-OUEST,centre_ouest,BOULKIEMDE,Boulkiemde,SOURGOU,sourgou,0.8704448852366109,376,75.25773195876289
CENTRE-OUEST,centre_ouest,BOULKIEMDE,Boulkiemde,THYOU,thyou,0.7731084306263304,584,91.36690647482014
CENTRE-OUEST,centre_ouest,SANGUIE,Sanguie,DASSA,dassa,0.6879609486920996,927,82.35294117647058
CENTRE-OUEST,centre_ouest,SANGUIE,Sanguie,DIDYR,didyr,0.7332003798670466,1.233,81.18279569892472
CENTRE-OUEST,centre_ouest,SANGUIE,Sanguie,GODYR,godyr,0.7169803732303732,371,73.50427350427351
CENTRE-OUEST,centre_ouest,SANGUIE,Sanguie,KORDIE,kordie,0.9400739512941476,297,94.6969696969697
CENTRE-OUEST,centre_ouest,SANGUIE,Sanguie,KYON,kyon,0.5756744398719708,476,75.67567567567568
CENTRE-OUEST,centre_ouest,SANGUIE,Sanguie,POUNI,pouni,0.6084037939842776,322,84.7457627118644
CENTRE-OUEST,centre_ouest,SANGUIE,Sanguie,REO,reo,0.7831157689721533,1.303,82.56227758007117
CENTRE-OUEST,centre_ouest,SANGUIE,Sanguie,TENADO,tenado,0.7430035003841885,832,78.63636363636364
CENTRE-OUEST,centre_ouest,SANGUIE,Sanguie,ZAMO,zamo,0.7693319690103786,262,83.11688311688312
CENTRE-OUEST,centre_ouest,SANGUIE,Sanguie,ZAWARA,zawara,0.9139315448658649,338,79.23076923076923
CENTRE-OUEST,centre_ouest,SISSILI,Sissili,BIEHA,bieha,0.6952020136492202,2.795,90
CENTRE-OUEST,centre_ouest,SISSILI,Sissili,BOURA,boura,0.7134575569358178,2.171,88.35616438356165
CENTRE-OUEST,centre_ouest,SISSILI,Sissili,LEO,leo,0.8111138340889597,1.418,93.20388349514563
CENTRE-OUEST,centre_ouest,SISSILI,Sissili,Nabielianayou,nabielianayou,0.8372610498634571,95,90.74074074074075
CENTRE-OUEST,centre_ouest,SISSILI,Sissili,NIABOURI,niabouri,0.5183184936505619,1.642,85.54216867469879
CENTRE-OUEST,centre_ouest,SISSILI,Sissili,SILLY,silly,0.6068911714991548,513,93.125
CENTRE-OUEST,centre_ouest,SISSILI,Sissili,TO,to,0.60634894728252,2.022,96.05263157894737
CENTRE-OUEST,centre_ouest,ZIRO,Ziro,BAKATA,bakata,0.5983349177541555,552,89.39393939393939
CENTRE-OUEST,centre_ouest,ZIRO,Ziro,BOUGNOUNOU,bougnounou,0.8056288478452067,319,92.08633093525181
CENTRE-OUEST,centre_ouest,ZIRO,Ziro,CASSOU,cassou,0.5782926781937087,229,90.66666666666666
CENTRE-OUEST,centre_ouest,ZIRO,Ziro,DALO,dalo,0.6577729573391179,185,88.46153846153845
CENTRE-OUEST,centre_ouest,ZIRO,Ziro,GAO,gao,0.5983509077935464,457,90.2439024390244
CENTRE-OUEST,centre_ouest,ZIRO,Ziro,SAPOUY,sapouy,0.5727978580990629,255,92.64705882352942
CENTRE-SUD,centre_sud,BAZEGA,Bazega,DOULOUGOU,doulougou,0.9171665536487403,654,89.90825688073394
CENTRE-SUD,centre_sud,BAZEGA,Bazega,GAONGO,gaongo,0.6744589213641412,573,98.94736842105263
CENTRE-SUD,centre_sud,BAZEGA,Bazega,IPELCE,ipelce,0.9929984617832706,942,89.65517241379311
CENTRE-SUD,centre_sud,BAZEGA,Bazega,KAYAO,kayao,0.8470559738398499,453,87.72727272727273
CENTRE-SUD,centre_sud,BAZEGA,Bazega,KOMBISSIRI,kombissiri,0.9279082971442602,374,97.85867237687366
CENTRE-SUD,centre_sud,BAZEGA,Bazega,SAPONE,sapone,0.9191132308779367,804,93.8337801608579
CENTRE-SUD,centre_sud,BAZEGA,Bazega,TOECE,toece,0.9349191363599048,656,93.9799331103679
CENTRE-SUD,centre_sud,NAHOURI,Nahouri,GUIARO,guiaro,0.7485182049110923,220,81.63265306122449
CENTRE-SUD,centre_sud,NAHOURI,Nahouri,PO,po,0.8844832342688035,247,85.94377510040161
CENTRE-SUD,centre_sud,NAHOURI,Nahouri,TIEBELE,tiebele,0.8113818917677439,296,90.53627760252367
CENTRE-SUD,centre_sud,NAHOURI,Nahouri,ZECCO,zecco,0.9043239635096046,116,91.95402298850574
CENTRE-SUD,centre_sud,NAHOURI,Nahouri,ZIOU,ziou,0.8738624009939432,369,93.47826086956522
CENTRE-SUD,centre_sud,ZOUNDWEOGO,Zoundweogo,BERE,bere,0.8298163345056663,518,97.34513274336283
CENTRE-SUD,centre_sud,ZOUNDWEOGO,Zoundweogo,BINDE,binde,0.8729360285730314,665,92.66409266409266
CENTRE-SUD,centre_sud,ZOUNDWEOGO,Zoundweogo,GOGO,gogo,0.8181557641326933,295,98
CENTRE-SUD,centre_sud,ZOUNDWEOGO,Zoundweogo,GOMBOUSSOUGOU,gomboussougou,0.8344172602456901,821,94.33198380566802
CENTRE-SUD,centre_sud,ZOUNDWEOGO,Zoundweogo,GUIBA,guiba,0.9347894975101856,203,97.20930232558139
CENTRE-SUD,centre_sud,ZOUNDWEOGO,Zoundweogo,MANGA,manga,0.8798736602288614,123,91.0891089108911
CENTRE-SUD,centre_sud,ZOUNDWEOGO,Zoundweogo,NOBERE,nobere,0.9285284037802471,2.066,99.56709956709958
EST,est,GNAGNA,Gnagna,BILANGA,bilanga,0.531301807847162,2.532,91.3151364764268
EST,est,GNAGNA,Gnagna,BOGANDE,bogande,0.4722222222222222,2.041,98.1651376146789
EST,est,GNAGNA,Gnagna,COALLA,coalla,0.49231142887502466,1.352,92.81437125748504
EST,est,GNAGNA,Gnagna,LIPTOUGOU,liptougou,0.5570917648516002,1.209,98.89502762430939
EST,est,GNAGNA,Gnagna,MANI,mani,0.5215637240340709,3.73,93.92857142857143
EST,est,GNAGNA,Gnagna,PIELA,piela,0.6792340614103626,1.771,96.95945945945947
EST,est,GNAGNA,Gnagna,THION,thion,0.7140888638920135,2.195,85.61151079136691
EST,est,GOURMA,Gourma,DIABO,diabo,0.8451719726048017,950,96.2877030162413
EST,est,GOURMA,Gourma,DIAPANGOU,diapangou,0.8147912952152994,443,96.06741573033707
EST,est,GOURMA,Gourma,FADA N'GOURMA,fada_ngourma,0.5179398996013356,174,99.08424908424908
EST,est,GOURMA,Gourma,MATIACOALI,matiacoali,0.44921669299631384,388,98.29787234042553
EST,est,GOURMA,Gourma,TIBGA,tibga,0.7503784765777066,1.162,93.85964912280701
EST,est,GOURMA,Gourma,YAMBA,yamba,0.6453076475155279,891,100
EST,est,KOMANDJARI,NA,BARTIEBOUGOU,bartiebougou,0.5715388365290868,37,97.40259740259741
EST,est,KOMANDJARI,NA,FOUTOURI,foutouri,0.5735224399494311,212,97.70114942528735
EST,est,KOMANDJARI,NA,GAYERI,gayeri,0.48148316651501366,411,95.19650655021834
EST,est,KOMPIENGA,Kompienga,KOMPIENGA,kompienga,0.5012535220642069,2.193,83.68794326241135
EST,est,KOMPIENGA,Kompienga,MADJOARI,madjoari,0.6099446890168191,496,83.33333333333334
EST,est,KOMPIENGA,Kompienga,PAMA,pama,0.5321371485175262,883,82.8125
EST,est,TAPOA,Tapoa,BOTOU,botou,0.38615875109938436,1.207,95.58011049723757
EST,est,TAPOA,Tapoa,DIAPAGA,diapaga,0.5108074151944821,191,93.75
EST,est,TAPOA,Tapoa,KANTCHARI,kantchari,0.5646242875739774,313,93.44827586206897
EST,est,TAPOA,Tapoa,LOGOBOU,logobou,0.3288647190253362,1.086,97.90575916230367
EST,est,TAPOA,Tapoa,NAMOUNOU,namounou,0.8499011092957262,108,91.17647058823529
EST,est,TAPOA,Tapoa,PARTIAGA,partiaga,0.55622949966158175,95,98.94736842105263
EST,est,TAPOA,Tapoa,TAMBAGA,tambaga,0.5191359180870325,317,94.02173913043478
EST,est,TAPOA,Tapoa,TANSARGA,tansarga,0.49127622772053847,256,89.23076923076924
HAUTS-BASSINS,hauts_bassins,HOUET,Houet,BAMA,bama,0.36261339313016,341,83.8323353293413
HAUTS-BASSINS,hauts_bassins,HOUET,Houet,BOBO-DIOULASSO,bobo_dioulasso,0.7044158437812049,830,72.8021978021978
HAUTS-BASSINS,hauts_bassins,HOUET,Houet,DANDE,dande,0.43652382859431316,341,80.95238095238095
HAUTS-BASSINS,hauts_bassins,HOUET,Houet,FARAMANA,faramana,0.31228577328102414,970,97.36842105263158
HAUTS-BASSINS,hauts_bassins,HOUET,Houet,FO,fo,0.3906423418423973,1.718,91.07142857142857
HAUTS-BASSINS,hauts_bassins,HOUET,Houet,Karangasso - Sambla,karangasso_sambla,0.5821973344144327,1.29,77.38095238095238
HAUTS-BASSINS,hauts_bassins,HOUET,Houet,Karangasso - Vigue,karangasso_vigue,0.5423457425516097,1.55,94.20289855072464
HAUTS-BASSINS,hauts_bassins,HOUET,Houet,KOUNDOUGOU,koundougou,0.640027235201498,1.52,73.33333333333333
HAUTS-BASSINS,hauts_bassins,HOUET,Houet,LENA,lena,0.6724209259468201,1.131,93.33333333333333
HAUTS-BASSINS,hauts_bassins,HOUET,Houet,PADEMA,padema,0.3284406274398467,578,80.43478260869566
HAUTS-BASSINS,hauts_bassins,HOUET,Houet,PENI,peni,0.568804664723032,1.574,90.2439024390244
HAUTS-BASSINS,hauts_bassins,HOUET,Houet,SATIRI,satiri,0.5744369867492355,872,86.89655172413792
HAUTS-BASSINS,hauts_bassins,HOUET,Houet,TOUSSIANA,toussiana,0.7925636829073818,937,83.83838383838383
HAUTS-BASSINS,hauts_bassins,KENEDOUGOU,Kenedougou,BANZON,banzon,0.5214899713467048,847,90.625
HAUTS-BASSINS,hauts_bassins,KENEDOUGOU,Kenedougou,DJIGOUERA,djigouera,0.6886212520386401,931,88.09523809523809
HAUTS-BASSINS,hauts_bassins,KENEDOUGOU,Kenedougou,KANGALA,kangala,0.7857495677945172,582,85.08771929824562
HAUTS-BASSINS,hauts_bassins,KENEDOUGOU,Kenedougou,KAYAN,kayan,0.5026841163467949,404,77.94117647058823
HAUTS-BASSINS,hauts_bassins,KENEDOUGOU,Kenedougou,KOLOKO,koloko,0.6315440689198144,437,79.59183673469387
HAUTS-BASSINS,hauts_bassins,KENEDOUGOU,Kenedougou,KOURINION,kourinion,0.5178196040087998,869,82.6530612244898
HAUTS-BASSINS,hauts_bassins,KENEDOUGOU,Kenedougou,KOUROUMA,kourouma,0.46585711394454565,430,66.3716814159292
HAUTS-BASSINS,hauts_bassins,KENEDOUGOU,Kenedougou,MOROLABA,morolaba,0.3819964592128558,728,59.32203389830508
HAUTS-BASSINS,hauts_bassins,KENEDOUGOU,Kenedougou,N'DOROLA,ndorola,0.4787638406874897,716,83.83838383838383
HAUTS-BASSINS,hauts_bassins,KENEDOUGOU,Kenedougou,ORODARA,orodara,0.9280368952314654,500,79.46428571428571
HAUTS-BASSINS,hauts_bassins,KENEDOUGOU,Kenedougou,SAMOGOHIRI,samogohiri,0.8644265422938309,223,78.125
HAUTS-BASSINS,hauts_bassins,KENEDOUGOU,Kenedougou,SAMOROGOUAN,samorogouan,0.45182973884082694,928,87.64044943820225
HAUTS-BASSINS,hauts_bassins,KENEDOUGOU,Kenedougou,SINDO,sindo,0.37759080648471166,749,79.3103448275862
HAUTS-BASSINS,hauts_bassins,TUY,Tuy,BEKUY,bekuy,0.6991633942291275,451,88
HAUTS-BASSINS,hauts_bassins,TUY,Tuy,BEREBA,bereba,0.7497304658684674,1.237,68.70229007633588
HAUTS-BASSINS,hauts_bassins,TUY,Tuy,BONI,boni,0.6453186813186813,812,85.71428571428571
HAUTS-BASSINS,hauts_bassins,TUY,Tuy,FOUNZAN,founzan,0.6218100499868455,839,93.04347826086956
HAUTS-BASSINS,hauts_bassins,TUY,Tuy,HOUNDE,hounde,0.6785085310659572,1.67,88.88888888888889
HAUTS-BASSINS,hauts_bassins,TUY,Tuy,KOTI,koti,0.7501157541382104,591,92.92929292929293
HAUTS-BASSINS,hauts_bassins,TUY,Tuy,KOUMBIA,koumbia,0.7145910124696102,1.941,86.66666666666667
NORD,nord,LOROUM,Loroum,BANH,banh,0.6071062721339304,429,79.64601769911505
NORD,nord,LOROUM,Loroum,OUINDIGUI,ouindigui,0.7548822605965463,1.067,84.03361344537815
NORD,nord,LOROUM,Loroum,SOLLE,solle,0.6888292485314969,307,88.40579710144928
NORD,nord,LOROUM,Loroum,TITAO,titao,0.5757276303768203,877,82.38095238095238
NORD,nord,PASSORE,Passore,ARBOLE,arbole,0.8557448962375569,1.023,95.81749049429658
NORD,nord,PASSORE,Passore,BAGARE,bagare,0.6798781648581763,495,82.6530612244898
NORD,nord,PASSORE,Passore,BOKIN,bokin,0.7605191167849932,1.101,86.85121107266436
NORD,nord,PASSORE,Passore,Gomponson,gomponson,0.8455707274405948,598,84.14634146341463
NORD,nord,PASSORE,Passore,KIRSI,kirsi,0.8706184364060677,1.013,84.16666666666667
NORD,nord,PASSORE,Passore,LA-TODIN,la_todin,0.8490049124574883,526,84.28571428571429
NORD,nord,PASSORE,Passore,PILIMPIKOU,pilimpikou,0.6983662145499383,211,75.25773195876289
NORD,nord,PASSORE,Passore,SAMBA,samba,0.774498437342474,844,85.92233009708737
NORD,nord,PASSORE,Passore,YAKO,yako,0.7568968145099833,307,90.8695652173913
NORD,nord,YATENGA,Yatenga,BARGA,barga,0.551615075994963,1.128,78.2051282051282
NORD,nord,YATENGA,Yatenga,KAIN,kain,0.747110167492333,357,29.411764705882355
NORD,nord,YATENGA,Yatenga,KALSAKA,kalsaka,0.7217184018241177,690,84.25531914893617
NORD,nord,YATENGA,Yatenga,KOSSOUKA,kossouka,0.8831088403777675,757,92.64705882352942
NORD,nord,YATENGA,Yatenga,KOUMBRI,koumbri,0.8679633043072946,1.623,88.88888888888889
NORD,nord,YATENGA,Yatenga,NAMISSIGUIMA,namissiguima,0.6999370514918797,657,89.76377952755905
NORD,nord,YATENGA,Yatenga,OUAHIGOUYA,ouahigouya,0.8290626124813603,1.667,88.36477987421384
NORD,nord,YATENGA,Yatenga,OULA,oula,0.8051246399841097,721,85.65022421524664
NORD,nord,YATENGA,Yatenga,RAMBO,rambo,0.8003341251403064,475,87.02290076335878
NORD,nord,YATENGA,Yatenga,SEGUENEGA,seguenega,0.7904256919374247,1.039,81.77777777777779
NORD,nord,YATENGA,Yatenga,TANGAYE,tangaye,0.8741766915246857,648,75.30864197530865
NORD,nord,YATENGA,Yatenga,THIOU,thiou,0.6667095564582836,678,91.95402298850574
NORD,nord,YATENGA,Yatenga,ZOGORE,zogore,0.6989377112506036,382,74.44444444444444
NORD,nord,ZONDOMA,Zondoma,BASSI,bassi,0.8822929416564668,848,87.70491803278688
NORD,nord,ZONDOMA,Zondoma,BOUSSOU,boussou,0.7799818291944276,643,71.08433734939759
NORD,nord,ZONDOMA,Zondoma,GOURCY,gourcy,0.7498823824608726,1.262,72.3404255319149
NORD,nord,ZONDOMA,Zondoma,LEBA,leba,0.9024500907441017,411,79.3103448275862
NORD,nord,ZONDOMA,Zondoma,TOUGO,tougo,0.7953428878746475,796,97.95918367346938
PLATEAU CENTRAL,plateau_central,GANZOURGOU,Ganzourgou,BOUDRY,boudry,0.7559714833401537,435,98.38337182448036
PLATEAU CENTRAL,plateau_central,GANZOURGOU,Ganzourgou,KOGo,kogo,0.8096868884540117,374,87.70491803278688
PLATEAU CENTRAL,plateau_central,GANZOURGOU,Ganzourgou,MEGUET,meguet,0.9472566908438425,490,95.08771929824562
PLATEAU CENTRAL,plateau_central,GANZOURGOU,Ganzourgou,MOGTEDO,mogtedo,0.6658414115349746,317,90.2439024390244
PLATEAU CENTRAL,plateau_central,GANZOURGOU,Ganzourgou,SALOGO,salogo,0.8847238686996689,328,91.78082191780823
PLATEAU CENTRAL,plateau_central,GANZOURGOU,Ganzourgou,ZAM,zam,0.9041611624834874,417,93.54838709677419
PLATEAU CENTRAL,plateau_central,GANZOURGOU,Ganzourgou,ZORGHO,zorgho,0.9321547875957076,1.088,93.4659090909091
PLATEAU CENTRAL,plateau_central,GANZOURGOU,Ganzourgou,ZOUNGOU,zoungou,0.8386130630111738,141,93.22033898305084
PLATEAU CENTRAL,plateau_central,KOURWEOGO,Kourweogo,BOUSSE,bousse,0.9107832365405745,750,84.29003021148036
PLATEAU CENTRAL,plateau_central,KOURWEOGO,Kourweogo,LAYE,laye,0.9849566190876015,1.12,90
PLATEAU CENTRAL,plateau_central,KOURWEOGO,Kourweogo,NIOU,niou,0.9149268977845879,650,96.55172413793103
PLATEAU CENTRAL,plateau_central,KOURWEOGO,Kourweogo,SOURGOUBILA,sourgoubila,0.7360264900662251,754,92.99065420560748
PLATEAU CENTRAL,plateau_central,KOURWEOGO,Kourweogo,TOEGHIN,toeghin,0.880390518951655,342,95.08196721311475
PLATEAU CENTRAL,plateau_central,OUBRITENGA,Oubritenga,ABSOUYA,absouya,0.891551278274248,877,94.77124183006535
PLATEAU CENTRAL,plateau_central,OUBRITENGA,Oubritenga,DAPELOGO,dapelogo,0.846048817879129,1.949,99.6124031007752
PLATEAU CENTRAL,plateau_central,OUBRITENGA,Oubritenga,LOUMBILA,loumbila,0.8733259272974141,937,87.3015873015873
PLATEAU CENTRAL,plateau_central,OUBRITENGA,Oubritenga,NAGREONGO,nagreongo,0.8663143110585453,564,98.24561403508771
PLATEAU CENTRAL,plateau_central,OUBRITENGA,Oubritenga,OURGOU-MANEGA,ourgou_manega,0.9670662460567824,634,80.7017543859649
PLATEAU CENTRAL,plateau_central,OUBRITENGA,Oubritenga,ZINIARE,ziniare,0.8664448669201521,937,89.47368421052632
PLATEAU CENTRAL,plateau_central,OUBRITENGA,Oubritenga,ZITENGA,zitenga,0.8538130751812535,871,89.33333333333333
SAHEL,sahel,OUDALAN,Oudalan,DEOU,deou,0.5397652180673249,327,87.4015748031496
SAHEL,sahel,OUDALAN,Oudalan,GOROM-GOROM,gorom_gorom,0.5386921864179522,981,89.00862068965517
SAHEL,sahel,OUDALAN,Oudalan,MARKOYE,markoye,0.5651975452655069,195,94.8051948051948
SAHEL,sahel,OUDALAN,Oudalan,OURSI,oursi,0.4736447774349934,485,84.93150684931507
SAHEL,sahel,OUDALAN,Oudalan,TIN-AKOFF,tin_akoff,0.3990451561567535,136,70
SAHEL,sahel,SENO,Seno,BANI,bani,0.6821177059377271,878,94.84536082474226
SAHEL,sahel,SENO,Seno,DORI,dori,0.6530494494331803,1.255,94.00479616306954
SAHEL,sahel,SENO,Seno,FALAGOUNTOU,falagountou,0.7728766913844507,456,93.91304347826087
SAHEL,sahel,SENO,Seno,GORGADJI,gorgadji,0.4901718757277936,1.149,89.63414634146342
SAHEL,sahel,SENO,Seno,SAMPELGA,sampelga,0.7850907378563408,768,92.45283018867924
SAHEL,sahel,SENO,Seno,SEYTENGA,seytenga,0.5579595077411671,1.188,96.44970414201184
SAHEL,sahel,SOUM,Soum,ARBINDA,arbinda,0.4452241379310345,616,89.03654485049833
SAHEL,sahel,SOUM,Soum,BARABOULE,baraboule,0.6124267403630819,1.476,83.5820895522388
SAHEL,sahel,SOUM,Soum,DIGUEL,diguel,0.6566666666666666,21,41.86046511627907
SAHEL,sahel,SOUM,Soum,DJIBO,djibo,0.5348007539041465,940,80.47619047619048
SAHEL,sahel,SOUM,Soum,KELBO,kelbo,0.666647440519106,988,93.96551724137932
SAHEL,sahel,SOUM,Soum,KOUTOUGOU,koutougou,0.3831447668122923,162,86.81318681318682
SAHEL,sahel,SOUM,Soum,NASSOUMBOU,nassoumbou,0.5282047739127431,321,84.81012658227847
SAHEL,sahel,SOUM,Soum,Pobe-Mangao,pobe_mangao,0.7159453038994148,3.141,76.51515151515152
SAHEL,sahel,SOUM,Soum,TONGOMAYEL,tongomayel,0.4294876878543955,156,90.47619047619048
SAHEL,sahel,YAGHA,Yagha,BOUNDORE,boundore,0.7152820261837759,381,81.06060606060606
SAHEL,sahel,YAGHA,Yagha,MANSILA,mansila,0.6563664469937353,511,87.56476683937824
SAHEL,sahel,YAGHA,Yagha,SEBBA,sebba,0.6875575794267064,593,91.0891089108911
SAHEL,sahel,YAGHA,Yagha,SOLHAN,solhan,0.6770622346771732,157,86.76470588235294
SAHEL,sahel,YAGHA,Yagha,TANKOUGOUNADIE,tankougounadie,0.8002709338752011,587,89.42307692307693
SAHEL,sahel,YAGHA,Yagha,TITABE,titabe,0.6670355002305209,996,91.6083916083916
SUD-OUEST,sud_ouest,BOUGOURIBA,Bougouriba,BONDIGUI,bondigui,0.6744044838860346,318,80.95238095238095
SUD-OUEST,sud_ouest,BOUGOURIBA,Bougouriba,DIEBOUGOU,diebougou,0.7870522952749285,1.424,87.97814207650273
SUD-OUEST,sud_ouest,BOUGOURIBA,Bougouriba,DOLO,dolo,0.8509101415775787,400,81.66666666666667
SUD-OUEST,sud_ouest,BOUGOURIBA,Bougouriba,IOLONIORO,iolonioro,0.7099140805837812,294,90.19607843137256
SUD-OUEST,sud_ouest,BOUGOURIBA,Bougouriba,TIANKOURA,tiankoura,0.8827815817576481,319,87.03703703703704
SUD-OUEST,sud_ouest,IOBA,Ioba,DANO,dano,0.7147142188832935,316,94.5054945054945
SUD-OUEST,sud_ouest,IOBA,Ioba,DISSIN,dissin,0.8704328213940501,744,95.71428571428572
SUD-OUEST,sud_ouest,IOBA,Ioba,GUEGUERE,gueguere,0.8441610104174436,152,97.77777777777777
SUD-OUEST,sud_ouest,IOBA,Ioba,KOPER,koper,0.8269221199303309,127,89.28571428571429
SUD-OUEST,sud_ouest,IOBA,Ioba,NIEGO,niego,0.8106808845380649,248,86.88524590163934
SUD-OUEST,sud_ouest,IOBA,Ioba,ORONKUA,oronkua,0.7912452772583292,201,93.18181818181817
SUD-OUEST,sud_ouest,IOBA,Ioba,OUESSA,ouessa,0.7939778129952456,380,87.17948717948718
SUD-OUEST,sud_ouest,IOBA,Ioba,ZAMBO,zambo,0.8491689627588659,390,90.65420560747664
SUD-OUEST,sud_ouest,NOUMBIEL,Noumbiel,BATIE,batie,0.6927444794952682,936,88.95027624309392
SUD-OUEST,sud_ouest,NOUMBIEL,Noumbiel,BOUSSOUKOULA,boussoukoula,0.874831157136425,273,82.66666666666667
SUD-OUEST,sud_ouest,NOUMBIEL,Noumbiel,Kpere,kpere,0.7188387893761581,154,90.56603773584906
SUD-OUEST,sud_ouest,NOUMBIEL,Noumbiel,LEGMOIN,legmoin,0.933806146572104,888,89.28571428571429
SUD-OUEST,sud_ouest,NOUMBIEL,Noumbiel,MIDEBDO,midebdo,0.7025014889815366,155,86.74698795180723
SUD-OUEST,sud_ouest,PONI,Poni,BOUROUM-BOUROUM,bouroum_bouroum,0.7753341622629779,218,81.57894736842105
SUD-OUEST,sud_ouest,PONI,Poni,BOUSSERA,boussera,0.7911588138984901,270,92.5925925925926
SUD-OUEST,sud_ouest,PONI,Poni,DJIGOUE,djigoue,0.5179075235109718,213,87.05882352941177
SUD-OUEST,sud_ouest,PONI,Poni,GAOUA,gaoua,0.7265173836181497,382,86.16071428571429
SUD-OUEST,sud_ouest,PONI,Poni,GBOMBLORA,gbomblora,0.8428478684267474,238,86.58536585365853
SUD-OUEST,sud_ouest,PONI,Poni,KAMPTI,kampti,0.6109161141753486,612,94.07407407407408
SUD-OUEST,sud_ouest,PONI,Poni,LOROPENI,loropeni,0.6507594587130627,222,89.60396039603961
SUD-OUEST,sud_ouest,PONI,Poni,MALBA,malba,0.7823177676537585,460,95.08196721311475
SUD-OUEST,sud_ouest,PONI,Poni,NAKO,nako,0.8096720630967207,351,84.30232558139535
SUD-OUEST,sud_ouest,PONI,Poni,Perigban,perigban,0.6767761864644762,192,81.66666666666667
